Rk,Player,Age,Team,Pos,G,GS,QBrec,Cmp,Att,Cmp%,Yds,TD,TD%,Int,Int%,1D,Succ%,Lng,Y/A,AY/A,Y/C,Y/G,Rate,QBR,Sk,Yds.1,Sk%,NY/A,ANY/A,4QC,GWD,Awards,year
1,Tom Brady,40,NWE,QB,16,16,13-3-0,385,581,66.3,4577,32,5.5,8,1.4,230,49.7,64,7.9,8.36,11.9,286.1,102.8,71.1,35,201,5.68,7.10,7.56,2,2,"PB,AP-1,AP MVP-1,AP OPoY-3",2017
2,Philip Rivers,36,LAC,QB,16,16,9-7-0,360,575,62.6,4515,28,4.9,10,1.7,217,46.4,75,7.9,8.04,12.5,282.2,96.0,61.3,18,120,3.04,7.41,7.60,2,2,PB,2017
3,Matthew Stafford,29,DET,QB,16,16,9-7-0,371,565,65.7,4446,29,5.1,10,1.8,210,45.6,71,7.9,8.10,12.0,277.9,99.3,65.3,47,287,7.68,6.80,7.01,1,4,,2017
4,Drew Brees,38,NOR,QB,16,16,11-5-0,386,536,72.0,4334,23,4.3,8,1.5,203,51.6,54,8.1,8.27,11.2,270.9,103.9,63.1,20,145,3.60,7.53,7.71,2,2,PB,2017
5,Ben Roethlisberger,35,PIT,QB,15,15,12-3-0,360,561,64.2,4251,28,5.0,14,2.5,204,47.9,97,7.6,7.45,11.8,283.4,93.4,67.2,21,139,3.61,7.07,6.95,3,4,PB,2017
6,Matt Ryan,32,ATL,QB,16,16,10-6-0,342,529,64.7,4095,20,3.8,12,2.3,199,49.9,88,7.7,7.48,12.0,255.9,91.4,66.7,24,156,4.34,7.12,6.87,2,3,,2017
7,Kirk Cousins,29,WAS,QB,16,16,7-9-0,347,540,64.3,4093,27,5.0,13,2.4,194,45.6,74,7.6,7.50,11.8,255.8,93.9,56.2,41,342,7.06,6.46,6.38,1,4,,2017
8,Alex Smith,33,KAN,QB,15,15,9-6-0,341,505,67.5,4042,26,5.1,5,1.0,182,45.6,79,8.0,8.59,11.9,269.5,104.7,65.6,35,207,6.48,7.10,7.65,1,3,PB,2017
9,Russell Wilson,29,SEA,QB,16,16,9-7-0,339,553,61.3,3983,34,6.1,11,2.0,189,43.8,74,7.2,7.54,11.7,248.9,95.4,62.4,43,322,7.21,6.14,6.45,2,2,PB,2017
10,Jared Goff,23,LAR,QB,15,15,11-4-0,296,477,62.1,3804,28,5.9,7,1.5,177,46.6,94,8.0,8.49,12.9,253.6,100.5,56.3,25,172,4.98,7.24,7.72,1,1,PB,2017
11,Blake Bortles,25,JAX,QB,16,16,10-6-0,315,523,60.2,3687,21,4.0,13,2.5,195,45.2,75,7.0,6.73,11.7,230.4,84.7,59.3,24,123,4.39,6.52,6.21,1,1,,2017
12,Case Keenum,29,MIN,QB,15,14,11-3-0,325,481,67.6,3547,22,4.6,7,1.5,180,50.5,65,7.4,7.63,10.9,236.5,98.3,73.3,22,136,4.37,6.78,7.03,1,3,AP CPoY-2,2017
13,Jameis Winston,23,TAM,QB,13,13,3-10-0,282,442,63.8,3504,19,4.3,11,2.5,185,49.7,70,7.9,7.67,12.4,269.5,92.2,52.1,33,207,6.95,6.94,6.70,2,2,,2017
14,Derek Carr,26,OAK,QB,15,15,6-9-0,323,515,62.7,3496,22,4.3,13,2.5,168,46.2,87,6.8,6.51,10.8,233.1,86.4,50.4,20,101,3.74,6.35,6.07,1,1,PB,2017
15,Eli Manning,36,NYG,QB,15,15,3-12-0,352,571,61.6,3468,19,3.3,13,2.3,172,44.7,77,6.1,5.71,9.9,231.2,80.4,47.6,31,189,5.15,5.45,5.11,0,1,,2017
16,Dak Prescott,24,DAL,QB,16,16,9-7-0,308,490,62.9,3324,22,4.5,13,2.7,162,43.3,81,6.8,6.49,10.8,207.8,86.6,70.0,32,185,6.13,6.01,5.74,0,4,,2017
17,Andy Dalton,30,CIN,QB,16,16,7-9-0,297,496,59.9,3320,25,5.0,12,2.4,163,40.9,77,6.7,6.61,11.2,207.5,86.6,44.6,39,255,7.29,5.73,5.65,3,3,,2017
18,Cam Newton,28,CAR,QB,16,16,11-5-0,291,492,59.1,3302,22,4.5,16,3.3,167,43.8,64,6.7,6.14,11.3,206.4,80.7,52.7,35,242,6.64,5.81,5.28,1,3,,2017
19,Carson Wentz,25,PHI,QB,13,13,11-2-0,265,440,60.2,3296,33,7.5,7,1.6,161,45.3,72,7.5,8.28,12.4,253.5,101.9,78.6,28,162,5.98,6.70,7.43,1,1,"PB,AP-2,AP MVP-3",2017
20,Marcus Mariota,24,TEN,QB,15,15,9-6-0,281,453,62.0,3232,13,2.9,15,3.3,149,45.0,75,7.1,6.22,11.5,215.5,79.3,59.0,27,173,5.63,6.37,5.51,3,4,,2017
21,Joe Flacco,32,BAL,QB,16,16,9-7-0,352,549,64.1,3141,18,3.3,13,2.4,163,40.6,66,5.7,5.31,8.9,196.3,80.4,47.1,27,205,4.69,5.10,4.71,0,0,,2017
22,Jacoby Brissett,25,IND,QB,16,15,4-11-0,276,469,58.8,3098,13,2.8,7,1.5,146,40.1,80,6.6,6.49,11.2,193.6,81.7,44.0,52,305,9.98,5.36,5.26,0,1,,2017
23,Josh McCown,38,NYJ,QB,13,13,5-8-0,267,397,67.3,2926,18,4.5,9,2.3,137,44.5,69,7.4,7.26,11.0,225.1,94.5,56.6,39,264,8.94,6.11,6.00,1,2,,2017
24,DeShone Kizer,21,CLE,QB,15,15,0-15-0,255,476,53.6,2894,11,2.3,22,4.6,131,34.2,56,6.1,4.46,11.3,192.9,60.5,32.4,38,226,7.39,5.19,3.69,0,0,,2017
25,Tyrod Taylor,28,BUF,QB,15,14,8-6-0,263,420,62.6,2799,14,3.3,4,1.0,133,42.5,47,6.7,6.90,10.6,186.6,89.2,56.2,46,256,9.87,5.46,5.67,1,2,,2017
Rk,Player,Age,Team,Pos,G,GS,QBrec,Cmp,Att,Cmp%,Yds,TD,TD%,Int,Int%,1D,Succ%,Lng,Y/A,AY/A,Y/C,Y/G,Rate,QBR,Sk,Yds,Sk%,NY/A,ANY/A,4QC,GWD,Awards,2017
26,Jay Cutler,34,MIA,QB,14,14,6-8-0,266,429,62.0,2666,19,4.4,14,3.3,138,44.3,65,6.2,5.63,10.0,190.4,80.8,43.5,20,154,4.45,5.59,5.04,2,3,,2017
27,Trevor Siemian,26,DEN,QB,11,10,5-5-0,206,349,59.0,2285,12,3.4,14,4.0,112,39.8,44,6.5,5.43,11.1,207.7,73.3,31.4,33,220,8.64,5.41,4.38,0,0,,2017
28,Mitchell Trubisky,23,CHI,QB,12,12,4-8-0,196,330,59.4,2193,7,2.1,7,2.1,100,35.5,70,6.6,6.12,11.2,182.8,77.5,33.3,31,196,8.59,5.53,5.05,0,1,,2017
29,Carson Palmer,38,ARI,QB,7,7,3-4-0,164,267,61.4,1978,9,3.4,7,2.6,95,43.9,46,7.4,6.90,12.1,282.6,84.4,50.1,22,150,7.61,6.33,5.86,2,2,,2017
30,Brett Hundley,24,GNB,QB,11,9,3-6-0,192,316,60.8,1836,9,2.8,12,3.8,90,40.0,55,5.8,4.67,9.6,166.9,70.6,45.6,29,197,8.41,4.75,3.71,2,2,,2017
31,Deshaun Watson,22,HOU,QB,7,6,3-3-0,126,204,61.8,1699,19,9.3,8,3.9,85,46.6,72,8.3,8.43,13.5,242.7,103.0,83.7,19,116,8.52,7.10,7.19,0,0,AP ORoY-3,2017
32,Aaron Rodgers,34,GNB,QB,7,7,4-3-0,154,238,64.7,1675,16,6.7,6,2.5,86,47.7,72,7.0,7.25,10.9,239.3,97.2,66.6,22,168,8.46,5.80,5.99,2,2,,2017
33,Jimmy Garoppolo,26,SFO,QB,6,5,5-0-0,120,178,67.4,1560,7,3.9,5,2.8,81,54.3,61,8.8,8.29,13.0,260.0,96.2,83.0,8,57,4.30,8.08,7.62,2,2,,2017
34,C.J. Beathard,24,SFO,QB,7,5,1-4-0,123,224,54.9,1430,4,1.8,6,2.7,67,37.4,83,6.4,5.54,11.6,204.3,69.2,36.2,19,141,7.82,5.30,4.52,0,0,,2017
35,Tom Savage,27,HOU,QB,8,7,1-6-0,125,223,56.1,1412,5,2.2,6,2.7,70,39.8,57,6.3,5.57,11.3,176.5,71.4,42.3,21,159,8.61,5.14,4.44,1,1,,2017
36,Brian Hoyer,32,2TM,QB,11,6,0-6-0,123,211,58.3,1287,4,1.9,4,1.9,64,37.9,59,6.1,5.63,10.5,117.0,74.5,,16,112,7.05,5.18,4.74,0,0,,2017
36,Brian Hoyer,32,SFO,QB,6,6,0-6-0,119,205,58.0,1245,4,2.0,4,2.0,62,38.0,59,6.1,5.59,10.5,207.5,74.1,,16,112,7.24,5.13,4.67,0,0,,2017
36,Brian Hoyer,32,NWE,QB,5,0,,4,6,66.7,42,0,0.0,0,0.0,2,33.3,27,7.0,7.00,10.5,8.4,86.8,,0,0,0.00,7.00,7.00,0,0,,2017
37,Ryan Fitzpatrick,35,TAM,QB,6,3,2-1-0,96,163,58.9,1103,7,4.3,3,1.8,64,45.9,41,6.8,6.80,11.5,183.8,86.0,59.1,7,34,4.12,6.29,6.32,0,1,,2017
38,Brock Osweiler,27,DEN,QB,6,4,0-4-0,96,172,55.8,1088,5,2.9,5,2.9,53,37.4,54,6.3,5.60,11.3,181.3,72.5,50.6,10,64,5.49,5.63,4.94,0,0,,2017
39,Blaine Gabbert,28,ARI,QB,5,5,2-3-0,95,171,55.6,1086,6,3.5,6,3.5,55,39.2,52,6.4,5.47,11.4,217.2,71.9,33.2,23,149,11.86,4.83,4.06,2,2,,2017
40,Drew Stanton,33,ARI,QB,5,4,3-1-0,79,159,49.7,894,6,3.8,5,3.1,49,38.0,52,5.6,4.96,11.3,178.8,66.4,39.5,7,40,4.22,5.14,4.51,1,1,,2017
41,Matt Moore,33,MIA,QB,4,2,0-2-0,78,127,61.4,861,4,3.1,5,3.9,40,41.0,61,6.8,5.64,11.0,215.3,75.6,41.5,12,95,8.63,5.51,4.47,1,1,,2017
42,Mike Glennon,28,CHI,QB,4,4,1-3-0,93,140,66.4,833,4,2.9,5,3.6,42,41.2,29,6.0,4.91,9.0,208.3,76.9,25.1,8,78,5.41,5.10,4.12,0,1,,2017
43,Bryce Petty,26,NYJ,QB,4,3,0-3-0,55,112,49.1,544,1,0.9,3,2.7,25,31.7,46,4.9,3.83,9.9,136.0,55.1,31.5,8,55,6.67,4.08,3.12,0,0,,2017
44,Nick Foles,28,PHI,QB,7,3,2-1-0,57,101,56.4,537,5,5.0,2,2.0,29,38.7,35,5.3,5.42,9.4,76.7,79.5,31.1,5,44,4.72,4.65,4.75,1,2,,2017
45,T.J. Yates,30,HOU,QB,4,3,0-3-0,47,97,48.5,523,4,4.1,3,3.1,27,33.6,40,5.4,4.82,11.1,130.8,65.8,30.9,13,75,11.82,4.07,3.57,0,0,,2017
46,Kevin Hogan,25,CLE,QB,4,1,0-1-0,46,75,61.3,517,4,5.3,5,6.7,21,40.7,49,6.9,4.96,11.2,129.3,71.9,40.5,6,35,7.41,5.95,4.16,0,0,,2017
47,Sam Bradford,30,MIN,QB,2,2,2-0-0,32,43,74.4,382,3,7.0,0,0.0,17,50.0,44,8.9,10.28,11.9,191.0,124.4,75.1,5,40,10.42,7.13,8.38,0,0,,2017
48,Paxton Lynch,23,DEN,QB,2,2,0-2-0,30,45,66.7,295,2,4.4,3,6.7,15,40.7,30,6.6,4.44,9.8,147.5,72.0,26.0,9,51,16.67,4.52,2.76,0,0,,2017
Rk,Player,Age,Team,Pos,G,GS,QBrec,Cmp,Att,Cmp%,Yds,TD,TD%,Int,Int%,1D,Succ%,Lng,Y/A,AY/A,Y/C,Y/G,Rate,QBR,Sk,Yds,Sk%,NY/A,ANY/A,4QC,GWD,Awards,2017
49,Patrick Mahomes,22,KAN,QB,1,1,1-0-0,22,35,62.9,284,0,0.0,1,2.9,15,51.4,51,8.1,6.83,12.9,284.0,76.4,66.8,2,15,5.41,7.27,6.05,0,1,,2017
50,David Fales,27,MIA,QB,2,0,,29,43,67.4,265,1,2.3,1,2.3,15,47.7,26,6.2,5.58,9.1,132.5,82.0,17.9,1,8,2.27,5.84,5.27,0,0,,2017
51,EJ Manuel,27,OAK,QB,2,1,0-1-0,24,43,55.8,265,1,2.3,1,2.3,13,38.3,41,6.2,5.58,11.0,132.5,72.3,57.0,4,29,8.51,5.02,4.49,0,0,,2017
52,Nathan Peterman,23,BUF,QB,4,2,1-1-0,24,49,49.0,252,2,4.1,5,10.2,15,38.0,21,5.1,1.37,10.5,63.0,38.4,13.2,1,5,2.00,4.94,1.24,0,0,,2017
53,Landry Jones,28,PIT,QB,3,1,1-0-0,23,28,82.1,239,1,3.6,1,3.6,9,45.2,46,8.5,7.64,10.4,79.7,99.3,47.5,3,15,9.68,7.23,6.42,0,0,,2017
54,Geno Smith,27,NYG,QB,2,1,0-1-0,21,36,58.3,212,1,2.8,0,0.0,8,38.5,47,5.9,6.44,10.1,106.0,84.5,39.8,3,12,7.69,5.13,5.64,0,0,,2017
55,Sean Mannion,25,LAR,QB,5,1,0-1-0,22,37,59.5,185,0,0.0,0,0.0,8,27.5,50,5.0,5.00,8.4,37.0,72.5,16.8,3,20,7.50,4.13,4.13,0,0,,2017
56,Matt Cassel,35,TEN,QB,2,1,0-1-0,25,42,59.5,162,1,2.4,2,4.8,10,34.0,17,3.9,2.19,6.5,81.0,55.9,14.8,8,30,16.00,2.64,1.24,0,0,,2017
57,Nate Sudfeld,24,PHI,QB,1,0,,19,23,82.6,134,0,0.0,0,0.0,5,46.2,16,5.8,5.83,7.1,134.0,90.9,34.2,3,24,11.54,4.23,4.23,0,0,,2017
58,Scott Tolzien,30,IND,QB,1,1,0-1-0,9,18,50.0,128,0,0.0,2,11.1,5,27.3,32,7.1,2.11,14.2,128.0,33.8,11.4,4,29,18.18,4.50,0.41,0,0,,2017
59,Cody Kessler,24,CLE,QB,3,0,,11,23,47.8,126,0,0.0,1,4.3,6,27.6,31,5.5,3.52,11.5,42.0,46.6,5.0,6,48,20.69,2.69,1.14,0,0,,2017
60,A.J. McCarron,27,CIN,QB,3,0,,7,14,50.0,66,0,0.0,0,0.0,4,20.0,27,4.7,4.71,9.4,22.0,63.4,23.9,1,9,6.67,3.80,3.80,0,0,,2017
61,Ryan Mallett,29,BAL,QB,2,0,,9,16,56.3,56,2,12.5,0,0.0,5,43.8,12,3.5,6.00,6.2,28.0,103.1,77.0,0,0,0.00,3.50,6.00,0,0,,2017
62,Mohamed Sanu,28,ATL,WR,15,15,,1,1,100.0,51,1,100.0,0,0.0,1,100.0,51,51.0,71.00,51.0,3.4,158.3,96.5,0,0,0.00,51.00,71.00,0,0,,2017
63,Robert Golden,27,PIT,DB,16,2,,1,1,100.0,44,0,0.0,0,0.0,1,100.0,44,44.0,44.00,44.0,2.8,118.7,,0,0,0.00,44.00,44.00,0,0,,2017
64,Sam Koch,35,BAL,P,16,0,,2,2,100.0,38,0,0.0,0,0.0,2,100.0,22,19.0,19.00,19.0,2.4,118.7,,0,0,0.00,19.00,19.00,0,0,,2017
65,Pat O'Donnell,26,CHI,P,16,0,,1,1,100.0,38,1,100.0,0,0.0,1,100.0,38,38.0,58.00,38.0,2.4,158.3,,0,0,0.00,38.00,58.00,0,0,,2017
66,Kellen Clemens,34,LAC,QB,8,0,,6,8,75.0,36,0,0.0,1,12.5,4,50.0,10,4.5,-1.13,6.0,4.5,43.7,55.5,0,0,0.00,4.50,-1.13,0,0,,2017
67,Joe Webb,31,BUF,WR,16,0,,2,7,28.6,35,0,0.0,1,14.3,1,14.3,34,5.0,-1.43,17.5,2.2,8.3,59.3,0,0,0.00,5.00,-1.43,0,1,,2017
68,Johnny Hekker,27,LAR,P,16,0,,2,3,66.7,34,0,0.0,0,0.0,1,33.3,8,11.3,11.33,17.0,2.1,104.9,,0,0,0.00,11.33,11.33,0,0,"PB,AP-1",2017
69,Lac Edwards,25,NYJ,P,16,0,,1,1,100.0,31,0,0.0,0,0.0,1,100.0,31,31.0,31.00,31.0,1.9,118.7,,0,0,0.00,31.00,31.00,0,0,,2017
70,Brad Nortman,28,JAX,P,16,0,,1,1,100.0,29,0,0.0,0,0.0,1,100.0,29,29.0,29.00,29.0,1.8,118.7,,0,0,0.00,29.00,29.00,0,0,,2017
71,Jake Rudock,24,DET,QB,3,0,,3,5,60.0,24,0,0.0,1,20.0,1,40.0,13,4.8,-4.20,8.0,8.0,32.5,5.1,0,0,0.00,4.80,-4.20,0,0,,2017
72,Tarik Cohen,22,CHI,RB,16,4,,1,2,50.0,21,1,50.0,0,0.0,1,50.0,21,10.5,20.50,21.0,1.3,127.1,99.9,0,0,0.00,10.50,20.50,0,0,,2017
73,Larry Fitzgerald,34,ARI,WR,16,16,,1,1,100.0,21,0,0.0,0,0.0,1,100.0,21,21.0,21.00,21.0,1.3,118.7,98.7,0,0,0.00,21.00,21.00,0,0,PB,2017
Rk,Player,Age,Team,Pos,G,GS,QBrec,Cmp,Att,Cmp%,Yds,TD,TD%,Int,Int%,1D,Succ%,Lng,Y/A,AY/A,Y/C,Y/G,Rate,QBR,Sk,Yds,Sk%,NY/A,ANY/A,4QC,GWD,Awards,2017
74,Derek Anderson,34,CAR,QB,3,0,,2,8,25.0,17,0,0.0,0,0.0,1,25.0,9,2.1,2.13,8.5,5.7,39.6,0.2,0,0,0.00,2.13,2.13,0,0,,2017
75,Joe Callahan,24,GNB,QB,1,0,,5,7,71.4,11,0,0.0,0,0.0,1,14.3,9,1.6,1.57,2.2,11.0,74.1,43.7,0,0,0.00,1.57,1.57,0,0,,2017
76,Randall Cobb,27,GNB,WR,15,14,,1,1,100.0,10,0,0.0,0,0.0,1,100.0,10,10.0,10.00,10.0,0.7,108.3,29.3,0,0,0.00,10.00,10.00,0,0,,2017
77,Taylor Heinicke,24,HOU,QB,1,0,,1,1,100.0,10,0,0.0,0,0.0,1,50.0,10,10.0,10.00,10.0,10.0,108.3,1.3,1,16,50.00,-3.00,-3.00,0,0,,2017
78,Cooper Rush,24,DAL,QB,2,0,,1,3,33.3,2,0,0.0,0,0.0,0,,2,0.7,0.67,2.0,1.0,42.4,1.0,0,0,0.00,0.67,0.67,0,0,,2017
79,Tyler Bray,26,KAN,QB,1,0,,0,1,0.0,0,0,0.0,0,0.0,0,,,0.0,0.00,,0.0,39.6,0.0,0,0,0.00,0.00,0.00,0,0,,2017
80,Teddy Bridgewater,25,MIN,QB,1,0,,0,2,0.0,0,0,0.0,1,50.0,0,,,0.0,-22.50,,0.0,0.0,0.0,0,0,0.00,0.00,-22.50,0,0,,2017
81,Eric Decker,30,TEN,WR,16,8,,0,1,0.0,0,0,0.0,0,0.0,0,,,0.0,0.00,,0.0,39.6,0.7,0,0,0.00,0.00,0.00,0,0,,2017
82,MarQueis Gray,28,MIA,TE,16,0,,0,1,0.0,0,0,0.0,0,0.0,0,,,0.0,0.00,,0.0,39.6,4.2,0,0,0.00,0.00,0.00,0,0,,2017
83,Matt Haack,23,MIA,P,16,0,,0,1,0.0,0,0,0.0,1,100.0,0,,,0.0,-45.00,,0.0,0.0,,0,0,0.00,0.00,-45.00,0,0,,2017
84,Chad Henne,32,JAX,QB,2,0,,0,2,0.0,0,0,0.0,0,0.0,0,,,0.0,0.00,,0.0,39.6,3.6,0,0,0.00,0.00,0.00,0,0,,2017
85,Tyreek Hill,23,KAN,WR,15,13,,0,1,0.0,0,0,0.0,1,100.0,0,,,0.0,-45.00,,0.0,0.0,0.0,0,0,0.00,0.00,-45.00,0,0,PB,2017
86,Travis Kelce,28,KAN,TE,15,15,,0,1,0.0,0,0,0.0,1,100.0,0,,,0.0,-45.00,,0.0,0.0,1.7,0,0,0.00,0.00,-45.00,0,0,"PB,AP-2",2017
87,Cooper Kupp,24,LAR,WR,15,6,,0,1,0.0,0,0,0.0,0,0.0,0,,,0.0,0.00,,0.0,39.6,2.0,0,0,0.00,0.00,0.00,0,0,,2017
88,Jarvis Landry,25,MIA,WR,16,16,,0,1,0.0,0,0,0.0,0,0.0,0,,,0.0,0.00,,0.0,39.6,3.5,0,0,0.00,0.00,0.00,0,0,PB,2017
89,Marqise Lee,26,JAX,WR,14,14,,0,1,0.0,0,0,0.0,0,0.0,0,,,0.0,0.00,,0.0,39.6,7.1,0,0,0.00,0.00,0.00,0,0,,2017
90,Tanner McEvoy,24,SEA,TE,15,0,,0,1,0.0,0,0,0.0,1,100.0,0,,,0.0,-45.00,,0.0,0.0,0.0,0,0,0.00,0.00,-45.00,0,0,,2017
91,Michael Palardy,25,CAR,P,16,0,,0,1,0.0,0,0,0.0,0,0.0,0,,,0.0,0.00,,0.0,39.6,0.0,0,0,0.00,0.00,0.00,0,0,,2017
92,Ryan Quigley,27,MIN,P,16,0,,0,1,0.0,0,0,0.0,0,0.0,0,,,0.0,0.00,,0.0,39.6,,0,0,0.00,0.00,0.00,0,0,,2017
93,Shane Vereen,28,NYG,RB,16,0,,0,1,0.0,0,0,0.0,1,100.0,0,,,0.0,-45.00,,0.0,0.0,0.0,0,0,0.00,0.00,-45.00,0,0,,2017
94,Jon Ryan,36,SEA,P,16,0,,1,1,100.0,-4,0,0.0,0,0.0,0,,-4,-4.0,-4.00,-4.0,-0.3,79.2,,0,0,0.00,-4.00,-4.00,0,0,,2017
,League Average,,,,,,,,,62.1,,,4.2,,2.5,,44.0,,7.0,6.76,11.3,127.1,86.9,,,,6.40,6.15,5.91,,,,2017
1,Ben Roethlisberger,36,PIT,QB,16,16,9-6-1,452,675,67.0,5129,34,5.0,16,2.4,248,50.9,97,7.6,7.54,11.3,320.6,96.5,69.6,24,166,3.43,7.10,7.04,2,3,,2018
2,Patrick Mahomes,23,KAN,QB,16,16,12-4-0,383,580,66.0,5097,50,8.6,12,2.1,237,54.1,89,8.8,9.58,13.3,318.6,113.8,80.3,26,171,4.29,8.13,8.89,2,2,"PB,AP-1,AP MVP-1,AP OPoY-1",2018
3,Matt Ryan,33,ATL,QB,16,16,7-9-0,422,608,69.4,4924,35,5.8,7,1.2,236,51.7,75,8.1,8.73,11.7,307.8,108.1,65.7,42,296,6.46,7.12,7.71,1,1,,2018
4,Jared Goff,24,LAR,QB,16,16,13-3-0,364,561,64.9,4688,32,5.7,12,2.1,233,50.7,70,8.4,8.53,12.9,293.0,101.1,63.6,33,223,5.56,7.52,7.69,4,4,PB,2018
5,Andrew Luck,29,IND,QB,16,16,10-6-0,430,639,67.3,4593,39,6.1,15,2.3,236,53.0,68,7.2,7.35,10.7,287.1,98.7,69.6,18,134,2.74,6.79,6.95,3,3,"PB,AP CPoY-1",2018
6,Aaron Rodgers,35,GNB,QB,16,16,6-9-1,372,597,62.3,4442,25,4.2,2,0.3,200,45.8,75,7.4,8.13,11.9,277.6,97.6,58.0,49,353,7.59,6.33,6.96,3,3,PB,2018
7,Tom Brady,41,NWE,QB,16,16,11-5-0,375,570,65.8,4355,29,5.1,11,1.9,205,51.8,63,7.6,7.79,11.6,272.2,97.7,68.4,21,147,3.55,7.12,7.26,1,2,PB,2018
8,Philip Rivers,37,LAC,QB,16,16,12-4-0,347,508,68.3,4308,32,6.3,12,2.4,211,52.0,75,8.5,8.68,12.4,269.3,105.5,67.8,32,204,5.93,7.60,7.79,3,3,PB,2018
9,Eli Manning,37,NYG,QB,16,16,5-11-0,380,576,66.0,4299,21,3.6,11,1.9,205,43.0,58,7.5,7.33,11.3,268.7,92.4,49.1,47,358,7.54,6.33,6.21,1,2,,2018
10,Kirk Cousins,30,MIN,QB,16,16,8-7-1,425,606,70.1,4298,30,5.0,10,1.7,218,49.4,75,7.1,7.34,10.1,268.6,99.7,59.5,40,262,6.19,6.25,6.48,1,0,,2018
11,Deshaun Watson,23,HOU,QB,16,16,11-5-0,345,505,68.3,4165,26,5.1,9,1.8,202,46.4,73,8.2,8.48,12.1,260.3,103.1,61.8,62,384,10.93,6.67,6.87,5,5,PB,2018
12,Derek Carr,27,OAK,QB,16,16,4-12-0,381,553,68.9,4049,19,3.4,10,1.8,197,48.5,66,7.3,7.20,10.6,253.1,93.9,46.5,51,299,8.44,6.21,6.09,3,3,,2018
13,Drew Brees,39,NOR,QB,15,15,13-2-0,364,489,74.4,3992,32,6.5,5,1.0,197,57.3,72,8.2,9.01,11.0,266.1,115.7,79.2,17,121,3.36,7.65,8.47,6,7,"PB,AP-2,AP MVP-2,AP OPoY-2",2018
14,Case Keenum,30,DEN,QB,16,16,6-10-0,365,586,62.3,3890,18,3.1,15,2.6,179,44.5,64,6.6,6.10,10.7,243.1,81.2,44.5,34,235,5.48,5.90,5.39,3,4,,2018
15,Dak Prescott,25,DAL,QB,16,16,10-6-0,356,526,67.7,3885,22,4.2,8,1.5,184,45.2,90,7.4,7.54,10.9,242.8,96.9,55.2,56,347,9.62,6.08,6.22,3,5,PB,2018
16,Matthew Stafford,30,DET,QB,16,16,6-10-0,367,555,66.1,3777,21,3.8,11,2.0,197,45.7,67,6.8,6.67,10.3,236.1,89.9,51.3,40,255,6.72,5.92,5.79,0,1,,2018
17,Baker Mayfield,23,CLE,QB,14,13,6-7-0,310,486,63.8,3725,27,5.6,14,2.9,171,46.0,71,7.7,7.48,12.0,266.1,93.7,51.2,25,173,4.89,6.95,6.77,3,4,AP ORoY-2,2018
18,Russell Wilson,30,SEA,QB,16,16,10-6-0,280,427,65.6,3448,35,8.2,7,1.6,156,44.1,66,8.1,8.98,12.3,215.5,110.9,63.3,51,355,10.67,6.47,7.28,2,4,PB,2018
19,Cam Newton,29,CAR,QB,14,14,6-8-0,320,471,67.9,3395,24,5.1,13,2.8,180,49.8,82,7.2,6.99,10.6,242.5,94.2,53.2,29,213,5.80,6.36,6.15,2,2,,2018
20,Mitchell Trubisky,24,CHI,QB,14,14,11-3-0,289,434,66.6,3223,24,5.5,12,2.8,151,48.9,70,7.4,7.29,11.2,230.2,95.4,71.0,24,143,5.24,6.72,6.59,1,2,PB,2018
21,Carson Wentz,26,PHI,QB,11,11,5-6-0,279,401,69.6,3074,21,5.2,7,1.7,159,50.7,58,7.7,7.93,11.0,279.5,102.2,62.0,31,202,7.18,6.65,6.89,2,2,,2018
22,Jameis Winston,24,TAM,QB,11,9,3-6-0,244,378,64.6,2992,19,5.0,14,3.7,152,50.6,64,7.9,7.25,12.3,272.0,90.2,66.2,27,157,6.67,7.00,6.38,0,1,,2018
23,Sam Darnold,21,NYJ,QB,13,13,4-9-0,239,414,57.7,2865,17,4.1,15,3.6,130,43.2,76,6.9,6.11,12.0,220.4,77.6,45.9,30,204,6.76,5.99,5.24,1,1,,2018
24,Blake Bortles,26,JAX,QB,13,12,3-9-0,243,403,60.3,2718,13,3.2,11,2.7,126,44.7,80,6.7,6.16,11.2,209.1,79.8,43.4,31,173,7.14,5.86,5.32,0,1,,2018
25,Andy Dalton,31,CIN,QB,11,11,5-6-0,226,365,61.9,2566,21,5.8,11,3.0,132,48.4,49,7.0,6.82,11.4,233.3,89.6,59.4,21,157,5.44,6.24,6.05,3,4,,2018
Rk,Player,Age,Team,Pos,G,GS,QBrec,Cmp,Att,Cmp%,Yds,TD,TD%,Int,Int%,1D,Succ%,Lng,Y/A,AY/A,Y/C,Y/G,Rate,QBR,Sk,Yds,Sk%,NY/A,ANY/A,4QC,GWD,Awards,2018
26,Marcus Mariota,25,TEN,QB,14,13,7-6-0,228,331,68.9,2528,11,3.3,8,2.4,121,46.4,61,7.6,7.21,11.1,180.6,92.3,53.2,42,243,11.26,6.13,5.75,2,3,,2018
27,Joe Flacco,33,BAL,QB,9,9,4-5-0,232,379,61.2,2465,12,3.2,6,1.6,119,44.8,71,6.5,6.42,10.6,273.9,84.2,54.8,16,79,4.05,6.04,5.96,0,0,,2018
28,Ryan Fitzpatrick,36,TAM,QB,8,7,2-5-0,164,246,66.7,2366,17,6.9,12,4.9,113,51.9,75,9.6,8.80,14.4,295.8,100.4,61.0,14,76,5.38,8.81,8.04,0,0,,2018
29,Josh Rosen,21,ARI,QB,14,13,3-10-0,217,393,55.2,2278,11,2.8,14,3.6,112,36.3,75,5.8,4.75,10.5,162.7,66.7,24.1,45,320,10.27,4.47,3.53,1,2,,2018
30,Nick Mullens,23,SFO,QB,8,8,3-5-0,176,274,64.2,2277,13,4.7,10,3.6,106,47.4,85,8.3,7.62,12.9,284.6,90.8,51.7,17,127,5.84,7.39,6.74,0,1,,2018
31,Alex Smith,34,WAS,QB,10,10,6-4-0,205,328,62.5,2180,10,3.0,5,1.5,106,43.7,52,6.6,6.57,10.6,218.0,85.7,46.9,22,121,6.29,5.88,5.81,0,0,,2018
32,Josh Allen,22,BUF,QB,12,11,5-6-0,169,320,52.8,2074,10,3.1,12,3.8,89,37.1,75,6.5,5.42,12.3,172.8,67.9,49.8,28,213,8.05,5.35,4.37,2,3,,2018
33,Ryan Tannehill,30,MIA,QB,11,11,5-6-0,176,274,64.2,1979,17,6.2,9,3.3,92,42.1,75,7.2,6.99,11.2,179.9,92.7,33.2,35,279,11.33,5.50,5.29,3,3,,2018
34,Nick Foles,29,PHI,QB,5,5,4-1-0,141,195,72.3,1413,7,3.6,4,2.1,59,42.6,83,7.2,7.04,10.0,282.6,96.0,65.4,9,47,4.41,6.70,6.50,2,2,,2018
35,C.J. Beathard,25,SFO,QB,6,5,0-5-0,102,169,60.4,1252,8,4.7,7,4.1,60,44.4,82,7.4,6.49,12.3,208.7,81.8,41.5,18,156,9.63,5.86,5.03,0,0,,2018
36,Brock Osweiler,28,MIA,QB,7,5,2-3-0,113,178,63.5,1247,6,3.4,4,2.2,58,43.6,75,7.0,6.67,11.0,178.1,86.0,34.5,17,130,8.72,5.73,5.42,1,1,,2018
37,Lamar Jackson,21,BAL,QB,16,7,6-1-0,99,170,58.2,1201,6,3.5,3,1.8,60,43.5,74,7.1,6.98,12.1,75.1,84.5,42.6,16,71,8.60,6.08,5.99,0,1,,2018
38,Jeff Driskel,25,CIN,QB,9,5,1-4-0,105,176,59.7,1003,6,3.4,2,1.1,50,38.5,37,5.7,5.87,9.6,111.4,82.2,29.7,16,122,8.33,4.59,4.74,0,0,,2018
39,Jimmy Garoppolo,27,SFO,QB,3,3,1-2-0,53,89,59.6,718,5,5.6,3,3.4,35,45.1,56,8.1,7.67,13.5,239.3,90.0,27.5,13,97,12.75,6.09,5.75,0,0,,2018
40,Cody Kessler,25,JAX,QB,5,4,2-2-0,85,131,64.9,709,2,1.5,2,1.5,35,41.2,35,5.4,5.03,8.3,141.8,77.4,25.9,22,149,14.38,3.66,3.33,0,0,,2018
41,Blaine Gabbert,29,TEN,QB,8,3,2-1-0,61,101,60.4,626,4,4.0,4,4.0,32,39.6,35,6.2,5.21,10.3,78.3,74.9,27.0,5,37,4.72,5.56,4.61,2,2,,2018
42,Josh Johnson,32,WAS,QB,4,3,1-2-0,52,91,57.1,590,3,3.3,4,4.4,29,42.0,79,6.5,5.16,11.3,147.5,69.4,47.4,9,67,9.00,5.23,4.03,1,1,,2018
43,Josh McCown,39,NYJ,QB,4,3,0-3-0,60,110,54.5,539,1,0.9,4,3.6,27,38.5,41,4.9,3.45,9.0,134.8,55.8,33.8,7,35,5.98,4.31,2.94,0,0,,2018
44,Chase Daniel,32,CHI,QB,5,2,1-1-0,53,76,69.7,515,3,3.9,2,2.6,23,45.9,46,6.8,6.38,9.7,103.0,90.6,27.5,9,40,10.59,5.59,5.24,1,0,,2018
45,Tyrod Taylor,29,CLE,QB,4,3,1-1-1,42,85,49.4,473,2,2.4,2,2.4,17,28.6,47,5.6,4.98,11.3,118.3,64.5,27.0,13,81,13.27,4.00,3.49,1,0,,2018
46,Derek Anderson,35,BUF,QB,2,2,0-2-0,42,70,60.0,465,0,0.0,4,5.7,22,38.7,40,6.6,4.07,11.1,232.5,56.0,26.6,5,33,6.67,5.76,3.36,0,0,,2018
47,Sam Bradford,31,ARI,QB,3,3,0-3-0,50,80,62.5,400,2,2.5,4,5.0,16,32.6,35,5.0,3.25,8.0,133.3,62.5,27.9,6,33,6.98,4.27,2.64,0,0,,2018
48,Colt McCoy,32,WAS,QB,3,2,0-2-0,34,54,63.0,372,3,5.6,3,5.6,17,45.0,53,6.9,5.50,10.9,124.0,78.6,38.8,6,36,10.00,5.60,4.35,0,0,,2018
49,Taylor Heinicke,25,CAR,QB,6,1,0-1-0,35,57,61.4,320,1,1.8,3,5.3,19,40.7,33,5.6,3.60,9.1,53.3,60.6,18.3,2,17,3.39,5.14,3.19,0,0,,2018
50,Nathan Peterman,24,BUF,QB,4,2,0-2-0,44,81,54.3,296,1,1.2,7,8.6,13,28.4,26,3.7,0.01,6.7,74.0,30.7,8.0,7,34,7.95,2.98,-0.38,0,0,,2018
Rk,Player,Age,Team,Pos,G,GS,QBrec,Cmp,Att,Cmp%,Yds,TD,TD%,Int,Int%,1D,Succ%,Lng,Y/A,AY/A,Y/C,Y/G,Rate,QBR,Sk,Yds,Sk%,NY/A,ANY/A,4QC,GWD,Awards,2018
51,Kyle Allen,22,CAR,QB,2,1,1-0-0,20,31,64.5,266,2,6.5,0,0.0,11,45.2,53,8.6,9.87,13.3,133.0,113.1,95.2,0,0,0.00,8.58,9.87,0,0,,2018
52,Matt Barkley,28,BUF,QB,1,1,1-0-0,15,25,60.0,232,2,8.0,0,0.0,12,46.2,47,9.3,10.88,15.5,232.0,117.4,85.8,1,8,3.85,8.62,10.15,0,0,,2018
53,DeShone Kizer,22,GNB,QB,3,0,,20,42,47.6,187,0,0.0,2,4.8,8,30.4,29,4.5,2.31,9.4,62.3,40.5,25.5,4,38,8.70,3.24,1.28,0,0,,2018
54,Mike Glennon,29,ARI,QB,2,0,,15,21,71.4,174,1,4.8,0,0.0,8,50.0,26,8.3,9.24,11.6,87.0,112.0,75.0,1,8,4.55,7.55,8.45,0,0,,2018
55,Mark Sanchez,32,WAS,QB,2,1,0-1-0,19,35,54.3,138,0,0.0,3,8.6,3,21.4,20,3.9,0.09,7.3,69.0,28.0,4.5,7,42,16.67,2.29,-0.93,0,0,,2018
56,Teddy Bridgewater,26,NOR,QB,5,1,0-1-0,14,23,60.9,118,1,4.3,1,4.3,8,36.0,18,5.1,4.04,8.4,23.6,70.6,31.3,2,8,8.00,4.40,3.40,0,0,,2018
57,Odell Beckham Jr.,26,NYG,WR,12,12,,2,2,100.0,106,2,100.0,0,0.0,2,100.0,57,53.0,73.00,53.0,8.8,158.3,100.0,0,0,0.00,53.00,73.00,0,0,,2018
58,Kevin Byard,25,TEN,FS,16,16,,1,1,100.0,66,1,100.0,0,0.0,1,,66,66.0,86.00,66.0,4.1,158.3,,0,0,0.00,66.00,86.00,0,0,,2018
59,Taysom Hill,28,NOR,QB,16,4,,3,7,42.9,64,0,0.0,1,14.3,3,25.0,44,9.1,2.71,21.3,4.0,36.3,40.9,1,3,12.50,7.63,2.00,0,0,,2018
60,Jarvis Landry,26,CLE,WR,16,14,,1,2,50.0,63,0,0.0,0,0.0,1,50.0,63,31.5,31.50,63.0,3.9,95.8,100.0,0,0,0.00,31.50,31.50,0,0,PB,2018
61,Matt Cassel,36,DET,QB,2,0,,7,17,41.2,59,0,0.0,1,5.9,2,38.9,11,3.5,0.82,8.4,29.5,26.3,9.6,1,13,5.56,2.56,0.06,0,0,,2018
62,Albert Wilson,26,MIA,WR,7,3,,1,1,100.0,52,1,100.0,0,0.0,1,100.0,52,52.0,72.00,52.0,7.4,158.3,99.6,0,0,0.00,52.00,72.00,0,0,,2018
63,Christian McCaffrey,22,CAR,RB,16,16,,1,1,100.0,50,1,100.0,0,0.0,1,100.0,50,50.0,70.00,50.0,3.1,158.3,100.0,0,0,0.00,50.00,70.00,0,0,AP-2,2018
64,Joshua Dobbs,23,PIT,QB,5,0,,6,12,50.0,43,0,0.0,1,8.3,2,33.3,22,3.6,-0.17,7.2,8.6,24.0,51.0,0,0,0.00,3.58,-0.17,0,0,,2018
65,Julian Edelman,32,NWE,WR,12,12,,2,2,100.0,43,0,0.0,0,0.0,1,50.0,37,21.5,21.50,21.5,3.6,118.7,93.9,0,0,0.00,21.50,21.50,0,0,,2018
66,Garrett Gilbert,27,CAR,QB,1,0,,2,3,66.7,40,0,0.0,0,0.0,1,25.0,31,13.3,13.33,20.0,40.0,109.7,40.4,1,5,25.00,8.75,8.75,0,0,,2018
67,Larry Fitzgerald,35,ARI,WR,16,16,,1,1,100.0,32,1,100.0,0,0.0,1,100.0,32,32.0,52.00,32.0,2.0,158.3,100.0,0,0,0.00,32.00,52.00,0,0,,2018
68,Chad Henne,33,KAN,QB,1,0,,2,3,66.7,29,0,0.0,0,0.0,2,66.7,22,9.7,9.67,14.5,29.0,97.9,69.6,0,0,0.00,9.67,9.67,0,0,,2018
69,Danny Amendola,33,MIA,WR,15,15,,1,1,100.0,28,1,100.0,0,0.0,1,100.0,28,28.0,48.00,28.0,1.9,158.3,100.0,0,0,0.00,28.00,48.00,0,0,,2018
70,Emmanuel Sanders,31,DEN,WR,12,12,,1,1,100.0,28,1,100.0,0,0.0,1,100.0,28,28.0,48.00,28.0,2.3,158.3,100.0,0,0,0.00,28.00,48.00,0,0,,2018
71,Sean Mannion,26,LAR,QB,3,0,,2,3,66.7,23,0,0.0,0,0.0,1,33.3,18,7.7,7.67,11.5,7.7,89.6,5.8,0,0,0.00,7.67,7.67,0,0,,2018
72,Nate Sudfeld,25,PHI,QB,2,0,,1,2,50.0,22,1,50.0,0,0.0,1,50.0,22,11.0,21.00,22.0,11.0,129.2,28.9,0,0,0.00,11.00,21.00,0,0,,2018
73,Robert Griffin III,28,BAL,QB,3,0,,2,6,33.3,21,0,0.0,0,0.0,1,33.3,14,3.5,3.50,10.5,7.0,44.4,2.0,0,0,0.00,3.50,3.50,0,0,,2018
74,Darius Jennings,26,TEN,WR,16,0,,1,1,100.0,21,0,0.0,0,0.0,1,100.0,21,21.0,21.00,21.0,1.3,118.7,99.9,0,0,0.00,21.00,21.00,0,0,,2018
75,Sam Koch,36,BAL,P,16,0,,1,1,100.0,21,0,0.0,0,0.0,1,,21,21.0,21.00,21.0,1.3,118.7,10.7,0,0,0.00,21.00,21.00,0,0,,2018
Rk,Player,Age,Team,Pos,G,GS,QBrec,Cmp,Att,Cmp%,Yds,TD,TD%,Int,Int%,1D,Succ%,Lng,Y/A,AY/A,Y/C,Y/G,Rate,QBR,Sk,Yds,Sk%,NY/A,ANY/A,4QC,GWD,Awards,2018
76,Matt Schaub,37,ATL,QB,3,0,,5,7,71.4,20,0,0.0,0,0.0,1,28.6,9,2.9,2.86,4.0,6.7,74.1,63.2,0,0,0.00,2.86,2.86,0,0,,2018
77,Johnny Hekker,28,LAR,P,16,0,,2,4,50.0,19,0,0.0,0,0.0,2,,12,4.8,4.75,9.5,1.2,63.5,,0,0,0.00,4.75,4.75,0,0,AP-2,2018
78,Nelson Agholor,25,PHI,WR,16,16,,1,1,100.0,15,0,0.0,0,0.0,1,100.0,15,15.0,15.00,15.0,0.9,118.7,100.0,0,0,0.00,15.00,15.00,0,0,,2018
79,Logan Thomas,27,BUF,TE,12,3,,1,1,100.0,15,0,0.0,0,0.0,1,,15,15.0,15.00,15.0,1.3,118.7,,0,0,0.00,15.00,15.00,0,0,,2018
80,Derrick Henry,24,TEN,RB,16,12,,2,3,66.7,14,0,0.0,0,0.0,1,66.7,8,4.7,4.67,7.0,0.9,77.1,58.2,0,0,0.00,4.67,4.67,0,0,,2018
81,Colby Wadman,23,DEN,P,12,0,,1,1,100.0,12,0,0.0,0,0.0,1,,12,12.0,12.00,12.0,1.0,116.7,,0,0,0.00,12.00,12.00,0,0,,2018
82,A.J. McCarron,28,OAK,QB,2,0,,1,3,33.3,8,0,0.0,0,0.0,0,,8,2.7,2.67,8.0,4.0,42.4,0.4,1,7,25.00,0.25,0.25,0,0,,2018
83,Anthony Miller,24,CHI,WR,15,4,,1,1,100.0,8,0,0.0,0,0.0,1,100.0,8,8.0,8.00,8.0,0.5,100.0,82.3,0,0,0.00,8.00,8.00,0,0,,2018
84,Matt Prater,34,DET,K,16,0,,1,1,100.0,8,1,100.0,0,0.0,1,,8,8.0,28.00,8.0,0.5,139.6,,0,0,0.00,8.00,28.00,0,0,,2018
85,Geno Smith,28,LAC,QB,5,0,,1,4,25.0,8,0,0.0,0,0.0,0,,8,2.0,2.00,8.0,1.6,39.6,0.7,1,16,20.00,-1.60,-1.60,0,0,,2018
86,Brian Hoyer,33,NWE,QB,5,0,,1,2,50.0,7,0,0.0,0,0.0,0,,7,3.5,3.50,7.0,1.4,58.3,0.5,0,0,0.00,3.50,3.50,0,0,,2018
87,Tress Way,28,WAS,P,16,0,,1,1,100.0,7,0,0.0,0,0.0,1,,7,7.0,7.00,7.0,0.4,95.8,,0,0,0.00,7.00,7.00,0,0,,2018
88,Mohamed Sanu,29,ATL,WR,16,16,,1,2,50.0,5,1,50.0,0,0.0,1,50.0,5,2.5,12.50,5.0,0.3,95.8,32.3,0,0,0.00,2.50,12.50,0,0,,2018
89,Logan Cooke,23,JAX,P,16,0,,1,1,100.0,4,0,0.0,0,0.0,1,,4,4.0,4.00,4.0,0.3,83.3,,0,0,0.00,4.00,4.00,0,0,,2018
90,Kenny Stills,26,MIA,WR,15,15,,1,1,100.0,3,1,100.0,0,0.0,1,100.0,3,3.0,23.00,3.0,0.2,118.7,100.0,0,0,0.00,3.00,23.00,0,0,,2018
91,Chris Boswell,27,PIT,K,15,0,,1,1,100.0,2,1,100.0,0,0.0,1,,2,2.0,22.00,2.0,0.1,118.7,,0,0,0.00,2.00,22.00,0,0,,2018
92,Jacoby Brissett,26,IND,QB,4,0,,2,4,50.0,2,0,0.0,0,0.0,1,25.0,4,0.5,0.50,1.0,0.5,56.2,100.0,0,0,0.00,0.50,0.50,0,0,,2018
93,Tarik Cohen,23,CHI,RB,16,7,,1,1,100.0,1,1,100.0,0,0.0,1,100.0,1,1.0,21.00,1.0,0.1,118.7,100.0,0,0,0.00,1.00,21.00,0,0,"PB,AP-1",2018
94,Keenan Allen,26,LAC,WR,16,14,,0,0,,0,0,,0,,0,,,,,,0.0,,0.0,1,7,100.00,-7.00,-7.00,0,0,PB,2018
95,Bryan Anger,30,TAM,P,16,0,,0,1,0.0,0,0,0.0,0,0.0,0,,,0.0,0.00,,0.0,39.6,,0,0,0.00,0.00,0.00,0,0,,2018
96,Cole Beasley,29,DAL,WR,16,4,,0,1,0.0,0,0,0.0,0,0.0,0,,,0.0,0.00,,0.0,39.6,28.6,0,0,0.00,0.00,0.00,0,0,,2018
97,Corey Bojorquez,22,BUF,P,8,0,,0,1,0.0,0,0,0.0,0,0.0,0,,,0.0,0.00,,0.0,39.6,,0,0,0.00,0.00,0.00,0,0,,2018
98,Tyler Boyd,24,CIN,WR,14,14,,0,1,0.0,0,0,0.0,0,0.0,0,,,0.0,0.00,,0.0,39.6,3.5,0,0,0.00,0.00,0.00,0,0,,2018
99,Antonio Brown,30,PIT,WR,15,15,,0,1,0.0,0,0,0.0,0,0.0,0,,,0.0,0.00,,0.0,39.6,2.7,0,0,0.00,0.00,0.00,0,0,PB,2018
100,Eric Ebron,25,IND,TE,16,8,,0,1,0.0,0,0,0.0,0,0.0,0,,,0.0,0.00,,0.0,39.6,0.0,0,0,0.00,0.00,0.00,0,0,PB,2018
Rk,Player,Age,Team,Pos,G,GS,QBrec,Cmp,Att,Cmp%,Yds,TD,TD%,Int,Int%,1D,Succ%,Lng,Y/A,AY/A,Y/C,Y/G,Rate,QBR,Sk,Yds,Sk%,NY/A,ANY/A,4QC,GWD,Awards,2018
101,Bruce Ellington,27,DET,WR,4,2,,0,1,0.0,0,0,0.0,0,0.0,0,,,0.0,0.00,,0.0,39.6,,0,0,0.00,0.00,0.00,0,0,,2018
102,Dontrell Hilliard,23,CLE,RB,11,0,,0,1,0.0,0,0,0.0,1,100.0,0,,,0.0,-45.00,,0.0,0.0,0.0,0,0,0.00,0.00,-45.00,0,0,,2018
103,DeAndre Hopkins,26,HOU,WR,16,16,,0,1,0.0,0,0,0.0,0,0.0,0,,,0.0,0.00,,0.0,39.6,3.7,0,0,0.00,0.00,0.00,0,0,"PB,AP-1,AP OPoY-3",2018
104,Zay Jones,23,BUF,WR,16,15,,0,1,0.0,0,0,0.0,0,0.0,0,,,0.0,0.00,,0.0,39.6,0.0,0,0,0.00,0.00,0.00,0,0,,2018
105,Kyle Lauletta,23,NYG,QB,2,0,,0,5,0.0,0,0,0.0,1,20.0,0,,,0.0,-9.00,,0.0,0.0,0.1,0,0,0.00,0.00,-9.00,0,0,,2018
106,JK Scott,23,GNB,P,16,0,,0,1,0.0,0,0,0.0,0,0.0,0,,,0.0,0.00,,0.0,39.6,,0,0,0.00,0.00,0.00,0,0,,2018
107,Dede Westbrook,25,JAX,WR,16,9,,0,1,0.0,0,0,0.0,0,0.0,0,,,0.0,0.00,,0.0,39.6,9.1,0,0,0.00,0.00,0.00,0,0,,2018
,League Average,,,,,,,,,64.9,,,4.8,,2.4,,46.8,,7.4,7.26,11.4,113.1,92.9,,,,6.76,6.42,6.32,,,,2018
1,Jameis Winston,25,TAM,QB,16,16,7-9-0,380,626,60.7,5109,33,5.3,30,4.8,243,46.7,71,8.2,7.06,13.4,319.3,84.3,55.7,47,282,6.98,7.17,6.15,2,2,,2019
2,Dak Prescott,26,DAL,QB,16,16,8-8-0,388,596,65.1,4902,30,5.0,11,1.8,229,52.3,62,8.2,8.40,12.6,306.4,99.7,71.9,23,151,3.72,7.68,7.84,0,0,,2019
3,Jared Goff,25,LAR,QB,16,16,9-7-0,394,626,62.9,4638,22,3.5,16,2.6,220,47.7,66,7.4,6.96,11.8,289.9,86.5,50.6,22,170,3.40,6.90,6.46,1,2,,2019
4,Philip Rivers,38,LAC,QB,16,16,5-11-0,390,591,66.0,4615,23,3.9,20,3.4,217,49.6,84,7.8,7.06,11.8,288.4,88.5,50.5,34,222,5.44,7.03,6.32,1,2,,2019
5,Matt Ryan,34,ATL,QB,15,15,7-8-0,408,616,66.2,4466,26,4.2,14,2.3,228,46.5,93,7.3,7.07,10.9,297.7,92.1,59.6,48,316,7.23,6.25,6.08,3,2,,2019
6,Russell Wilson,31,SEA,QB,16,16,11-5-0,341,516,66.1,4110,31,6.0,5,1.0,190,49.6,60,8.0,8.73,12.1,256.9,106.3,71.5,48,319,8.51,6.72,7.42,4,5,"PB,AP-2,AP OPoY-4",2019
7,Tom Brady,42,NWE,QB,16,16,12-4-0,373,613,60.8,4057,24,3.9,8,1.3,193,44.1,59,6.6,6.81,10.9,253.6,88.0,55.7,27,185,4.22,6.05,6.24,1,1,,2019
8,Derek Carr,28,OAK,QB,16,16,7-9-0,361,513,70.4,4054,21,4.1,8,1.6,191,50.7,75,7.9,8.02,11.2,253.4,100.8,64.1,29,184,5.35,7.14,7.25,2,3,,2019
9,Carson Wentz,27,PHI,QB,16,16,9-7-0,388,607,63.9,4039,27,4.4,7,1.2,213,48.4,53,6.7,7.02,10.4,252.4,93.1,62.8,37,230,5.75,5.91,6.26,2,4,AP CPoY-5,2019
10,Patrick Mahomes,24,KAN,QB,14,14,11-3-0,319,484,65.9,4031,26,5.4,5,1.0,176,50.9,83,8.3,8.94,12.6,287.9,105.3,77.7,17,127,3.39,7.79,8.38,1,1,"PB,AP OPoY-4",2019
11,Aaron Rodgers,36,GNB,QB,16,16,13-3-0,353,569,62.0,4002,26,4.6,4,0.7,189,44.0,74,7.0,7.63,11.3,250.1,95.4,52.5,36,284,5.95,6.15,6.71,2,3,PB,2019
12,Jimmy Garoppolo,28,SFO,QB,16,16,13-3-0,329,476,69.1,3978,27,5.7,13,2.7,193,48.6,75,8.4,8.26,12.1,248.6,102.0,60.8,36,237,7.03,7.31,7.22,4,4,AP CPoY-2,2019
13,Deshaun Watson,24,HOU,QB,15,15,10-5-0,333,495,67.3,3852,26,5.3,12,2.4,191,49.4,54,7.8,7.74,11.6,256.8,98.0,70.5,44,257,8.16,6.67,6.63,3,5,PB,2019
14,Baker Mayfield,24,CLE,QB,16,16,6-10-0,317,534,59.4,3827,22,4.1,21,3.9,179,42.5,89,7.2,6.22,12.1,239.2,78.8,54.4,40,285,6.97,6.17,5.29,1,1,,2019
15,Kyler Murray,22,ARI,QB,16,16,5-10-1,349,542,64.4,3722,20,3.7,12,2.2,173,43.7,88,6.9,6.61,10.7,232.6,87.4,57.7,48,309,8.14,5.78,5.55,1,2,AP ORoY-1,2019
16,Kirk Cousins,31,MIN,QB,15,15,10-5-0,307,444,69.1,3603,26,5.9,6,1.4,165,50.4,66,8.1,8.68,11.7,240.2,107.4,60.4,28,206,5.93,7.20,7.73,1,1,PB,2019
17,Ryan Fitzpatrick,37,MIA,QB,15,13,5-8-0,311,502,62.0,3529,20,4.0,13,2.6,182,45.0,51,7.0,6.66,11.3,235.3,85.5,68.3,40,209,7.38,6.13,5.78,3,4,,2019
18,Andy Dalton,32,CIN,QB,13,13,2-11-0,314,528,59.5,3494,16,3.0,14,2.7,170,42.7,66,6.6,6.03,11.1,268.8,78.3,42.1,37,249,6.55,5.74,5.19,0,0,,2019
19,Kyle Allen,23,CAR,QB,13,12,5-7-0,303,489,62.0,3322,17,3.5,16,3.3,188,46.7,52,6.8,6.02,11.0,255.5,80.0,38.3,46,397,8.60,5.47,4.76,0,1,,2019
20,Gardner Minshew II,23,JAX,QB,14,12,6-6-0,285,470,60.6,3271,21,4.5,6,1.3,150,41.9,70,7.0,7.28,11.5,233.6,91.2,44.6,33,184,6.56,6.14,6.44,3,3,,2019
21,Mitchell Trubisky,25,CHI,QB,15,15,8-7-0,326,516,63.2,3138,17,3.3,10,1.9,156,43.3,53,6.1,5.87,9.6,209.2,83.0,41.5,38,234,6.86,5.24,5.04,3,3,,2019
22,Lamar Jackson,22,BAL,QB,15,15,13-2-0,265,401,66.1,3127,36,9.0,6,1.5,161,50.5,83,7.8,8.92,11.8,208.5,113.3,83.0,23,106,5.42,7.13,8.19,1,2,"PB,AP-1,AP MVP-1,AP OPoY-2",2019
23,Josh Allen,23,BUF,QB,16,16,10-6-0,271,461,58.8,3089,20,4.3,9,2.0,146,41.7,53,6.7,6.69,11.4,193.1,85.3,49.4,38,237,7.62,5.72,5.71,4,5,,2019
24,Daniel Jones,22,NYG,QB,13,12,3-9-0,284,459,61.9,3027,24,5.2,12,2.6,140,41.0,75,6.6,6.46,10.7,232.8,87.7,55.7,38,295,7.65,5.50,5.38,1,2,,2019
25,Sam Darnold,22,NYJ,QB,13,13,7-6-0,273,441,61.9,3024,19,4.3,13,2.9,147,43.7,92,6.9,6.39,11.1,232.6,84.3,45.6,33,212,6.96,5.93,5.50,2,3,,2019
Rk,Player,Age,Team,Pos,G,GS,QBrec,Cmp,Att,Cmp%,Yds,TD,TD%,Int,Int%,1D,Succ%,Lng,Y/A,AY/A,Y/C,Y/G,Rate,QBR,Sk,Yds,Sk%,NY/A,ANY/A,4QC,GWD,Awards,2019
26,Drew Brees,40,NOR,QB,11,11,8-3-0,281,378,74.3,2979,27,7.1,4,1.1,159,56.2,61,7.9,8.83,10.6,270.8,116.3,73.3,12,89,3.08,7.41,8.33,1,2,PB,2019
27,Jacoby Brissett,27,IND,QB,15,15,7-8-0,272,447,60.9,2942,18,4.0,6,1.3,143,42.8,50,6.6,6.78,10.8,196.1,88.0,52.1,27,159,5.70,5.87,6.06,2,2,,2019
28,Ryan Tannehill,31,TEN,QB,12,10,7-3-0,201,286,70.3,2742,22,7.7,6,2.1,126,51.4,91,9.6,10.18,13.6,228.5,117.5,64.2,31,212,9.78,7.98,8.52,2,3,"PB,AP CPoY-1",2019
29,Matthew Stafford,31,DET,QB,8,8,3-4-1,187,291,64.3,2499,19,6.5,5,1.7,117,48.9,66,8.6,9.12,13.4,312.4,106.0,71.3,18,137,5.83,7.64,8.15,2,1,,2019
30,Joe Flacco,34,DEN,QB,8,8,2-6-0,171,262,65.3,1822,6,2.3,5,1.9,86,42.0,70,7.0,6.55,10.7,227.8,85.1,50.8,26,194,9.03,5.65,5.29,0,0,,2019
31,Mason Rudolph,24,PIT,QB,10,8,5-3-0,176,283,62.2,1765,13,4.6,9,3.2,80,40.6,76,6.2,5.72,10.0,176.5,82.0,36.2,15,124,5.03,5.51,5.02,1,1,,2019
32,Case Keenum,31,WAS,QB,10,8,1-7-0,160,247,64.8,1707,11,4.5,5,2.0,83,46.2,69,6.9,6.89,10.7,170.7,91.3,45.6,15,145,5.73,5.96,5.94,0,0,,2019
33,Teddy Bridgewater,27,NOR,QB,9,5,5-0-0,133,196,67.9,1384,9,4.6,2,1.0,67,47.1,45,7.1,7.52,10.4,153.8,99.1,50.9,12,89,5.77,6.23,6.66,1,2,AP CPoY-5,2019
34,Dwayne Haskins,22,WAS,QB,9,7,2-5-0,119,203,58.6,1365,7,3.4,7,3.4,65,38.8,75,6.7,5.86,11.5,151.7,76.1,28.0,29,204,12.50,5.00,4.25,1,1,,2019
35,Marcus Mariota,26,TEN,QB,7,6,2-4-0,95,160,59.4,1203,7,4.4,2,1.3,50,34.6,75,7.5,7.83,12.7,171.9,92.3,35.5,25,162,13.51,5.63,5.90,0,0,,2019
36,Devlin Hodges,23,PIT,QB,8,6,3-3-0,100,160,62.5,1063,5,3.1,8,5.0,51,38.9,79,6.6,5.02,10.6,132.9,71.4,31.8,15,102,8.57,5.49,4.01,0,1,,2019
37,Eli Manning,38,NYG,QB,4,4,1-3-0,91,147,61.9,1042,6,4.1,5,3.4,47,46.7,55,7.1,6.37,11.5,260.5,82.6,36.2,5,44,3.29,6.57,5.88,0,0,,2019
38,Drew Lock,23,DEN,QB,5,5,4-1-0,100,156,64.1,1020,7,4.5,3,1.9,54,44.1,48,6.5,6.57,10.2,204.0,89.7,50.2,5,26,3.11,6.17,6.20,1,2,,2019
39,David Blough,24,DET,QB,5,5,0-5-0,94,174,54.0,984,4,2.3,6,3.4,47,37.2,75,5.7,4.56,10.5,196.8,64.0,34.0,14,104,7.45,4.68,3.67,0,0,,2019
40,Nick Foles,30,JAX,QB,4,4,0-4-0,77,117,65.8,736,3,2.6,2,1.7,31,40.0,39,6.3,6.03,9.6,184.0,84.6,35.5,8,60,6.40,5.41,5.17,0,0,,2019
41,Jeff Driskel,26,DET,QB,3,3,0-3-0,62,105,59.0,685,4,3.8,4,3.8,31,37.9,47,6.5,5.57,11.0,228.3,75.3,49.9,11,46,9.48,5.51,4.65,0,0,,2019
42,Matt Moore,35,KAN,QB,6,2,1-1-0,59,91,64.8,659,4,4.4,0,0.0,35,47.5,57,7.2,8.12,11.2,109.8,100.9,57.5,8,65,8.08,6.00,6.81,1,1,,2019
43,Matt Schaub,38,ATL,QB,6,1,0-1-0,50,67,74.6,580,3,4.5,1,1.5,30,59.4,35,8.7,8.88,11.6,96.7,109.0,80.2,2,19,2.90,8.13,8.35,0,0,,2019
44,Cam Newton,30,CAR,QB,2,2,0-2-0,50,89,56.2,572,0,0.0,1,1.1,29,43.2,44,6.4,5.92,11.4,286.0,71.0,22.5,6,43,6.32,5.57,5.09,0,0,,2019
45,Josh Rosen,22,MIA,QB,6,3,0-3-0,58,109,53.2,567,1,0.9,5,4.6,26,35.2,40,5.2,3.32,9.8,94.5,52.0,19.7,16,93,12.80,3.79,2.15,0,0,,2019
46,Brandon Allen,27,DEN,QB,3,3,1-2-0,39,84,46.4,515,3,3.6,2,2.4,20,28.0,75,6.1,5.77,13.2,171.7,68.3,40.1,9,59,9.68,4.90,4.58,0,0,,2019
47,Ryan Finley,25,CIN,QB,3,3,0-3-0,41,87,47.1,474,2,2.3,2,2.3,20,29.6,47,5.4,4.87,11.6,158.0,62.1,25.0,11,93,11.22,3.89,3.38,0,0,,2019
48,Chase Daniel,33,CHI,QB,3,1,0-1-0,45,64,70.3,435,3,4.7,2,3.1,22,50.7,37,6.8,6.33,9.7,145.0,91.6,59.6,7,48,9.86,5.45,5.03,0,0,,2019
49,Luke Falk,25,NYJ,QB,3,2,0-2-0,47,73,64.4,416,0,0.0,3,4.1,15,27.0,36,5.7,3.85,8.9,138.7,62.4,9.6,16,96,17.98,3.60,2.08,0,0,,2019
50,Brian Hoyer,34,IND,QB,4,1,0-1-0,35,65,53.8,372,4,6.2,4,6.2,22,38.6,23,5.7,4.18,10.6,93.0,65.7,17.4,5,47,7.14,4.64,3.21,0,0,,2019
Rk,Player,Age,Team,Pos,G,GS,QBrec,Cmp,Att,Cmp%,Yds,TD,TD%,Int,Int%,1D,Succ%,Lng,Y/A,AY/A,Y/C,Y/G,Rate,QBR,Sk,Yds,Sk%,NY/A,ANY/A,4QC,GWD,Awards,2019
51,Matt Barkley,29,BUF,QB,2,0,,27,51,52.9,359,0,0.0,3,5.9,15,37.7,41,7.0,4.39,13.3,179.5,51.0,10.3,2,10,3.77,6.58,4.04,0,0,,2019
52,Ben Roethlisberger,37,PIT,QB,2,2,0-2-0,35,62,56.5,351,0,0.0,1,1.6,14,37.5,45,5.7,4.94,10.0,175.5,66.0,28.8,2,7,3.13,5.38,4.67,0,0,,2019
53,Will Grier,24,CAR,QB,2,2,0-2-0,28,52,53.8,228,0,0.0,4,7.7,12,32.8,28,4.4,0.92,8.1,114.0,33.2,2.8,6,44,10.34,3.17,0.07,0,0,,2019
54,Robert Griffin III,29,BAL,QB,7,1,1-0-0,23,38,60.5,225,1,2.6,2,5.3,10,46.5,39,5.9,4.08,9.8,32.1,64.0,54.9,5,19,11.63,4.79,3.16,0,0,,2019
55,A.J. McCarron,29,HOU,QB,2,1,0-1-0,21,37,56.8,225,0,0.0,1,2.7,11,42.9,21,6.1,4.86,10.7,112.5,63.5,27.1,5,43,11.90,4.33,3.26,0,0,,2019
56,Sean Mannion,27,MIN,QB,3,1,0-1-0,12,21,57.1,126,0,0.0,2,9.5,6,52.4,35,6.0,1.71,10.5,42.0,35.1,26.4,0,0,0.00,6.00,1.71,0,0,,2019
57,Colt McCoy,33,WAS,QB,1,1,0-1-0,18,27,66.7,122,0,0.0,1,3.7,5,30.3,22,4.5,2.85,6.8,122.0,61.0,14.9,6,44,18.18,2.36,1.00,0,0,,2019
58,Mike Glennon,30,OAK,QB,2,0,,6,10,60.0,56,1,10.0,0,0.0,3,40.0,19,5.6,7.60,9.3,28.0,108.7,25.2,0,0,0.00,5.60,7.60,0,0,,2019
59,Taysom Hill,29,NOR,WR/QB,16,5,,3,6,50.0,55,0,0.0,0,0.0,3,42.9,20,9.2,9.17,18.3,3.4,81.9,84.9,1,9,14.29,6.57,6.57,0,0,,2019
60,Brett Hundley,26,ARI,QB,3,0,,5,11,45.5,49,0,0.0,0,0.0,2,23.1,28,4.5,4.45,9.8,16.3,58.5,80.6,2,11,15.38,2.92,2.92,0,0,,2019
61,Julian Edelman,33,NWE,WR,16,13,,2,2,100.0,47,1,50.0,0,0.0,2,100.0,32,23.5,33.50,23.5,2.9,158.3,100.0,0,0,0.00,23.50,33.50,0,0,,2019
62,Courtland Sutton,24,DEN,WR,16,14,,1,1,100.0,38,0,0.0,0,0.0,1,100.0,38,38.0,38.00,38.0,2.4,118.7,100.0,0,0,0.00,38.00,38.00,0,0,PB,2019
63,Jaylen Samuels,23,PIT,RB,14,4,,4,5,80.0,35,0,0.0,1,20.0,2,60.0,21,7.0,-2.00,8.8,2.5,56.2,1.0,0,0,0.00,7.00,-2.00,0,0,,2019
64,Emmanuel Sanders,32,SFO,WR,10,9,,1,1,100.0,35,1,100.0,0,0.0,1,100.0,35,35.0,55.00,35.0,3.5,158.3,,0,0,0.00,35.00,55.00,0,0,,2019
65,James White,27,NWE,RB,15,1,,1,1,100.0,35,0,0.0,0,0.0,1,100.0,35,35.0,35.00,35.0,2.3,118.7,99.9,0,0,0.00,35.00,35.00,0,0,,2019
66,Tyrod Taylor,30,LAC,QB,8,0,,4,6,66.7,33,1,16.7,0,0.0,3,50.0,14,5.5,8.83,8.3,4.1,120.1,3.3,0,0,0.00,5.50,8.83,0,0,,2019
67,John Brown,29,BUF,WR,15,15,,1,1,100.0,28,1,100.0,0,0.0,1,100.0,28,28.0,48.00,28.0,1.9,158.3,100.0,0,0,0.00,28.00,48.00,0,0,,2019
68,Johnny Hekker,29,LAR,P,16,0,,2,3,66.7,28,0,0.0,1,33.3,2,,23,9.3,-5.67,14.0,1.8,56.9,3.8,0,0,0.00,9.33,-5.67,0,0,,2019
69,Alex Erickson,27,CIN,WR,16,6,,1,1,100.0,26,0,0.0,0,0.0,1,100.0,26,26.0,26.00,26.0,1.6,118.7,99.9,0,0,0.00,26.00,26.00,0,0,,2019
70,Andy Lee,37,ARI,P,15,0,,1,1,100.0,26,0,0.0,0,0.0,1,,26,26.0,26.00,26.0,1.7,118.7,,0,0,0.00,26.00,26.00,0,0,,2019
71,Josh McCown,40,PHI,QB,3,0,,3,5,60.0,24,0,0.0,0,0.0,2,60.0,13,4.8,4.80,8.0,8.0,72.1,54.3,0,0,0.00,4.80,4.80,0,0,,2019
72,Odell Beckham Jr.,27,CLE,WR,16,15,,1,2,50.0,20,0,0.0,0,0.0,1,50.0,20,10.0,10.00,20.0,1.3,85.4,81.0,0,0,0.00,10.00,10.00,0,0,,2019
73,Albert Wilson,27,MIA,WR,13,4,,1,2,50.0,20,0,0.0,0,0.0,1,33.3,20,10.0,10.00,20.0,1.5,85.4,17.6,1,10,33.33,3.33,3.33,0,0,,2019
74,Danny Amendola,34,DET,WR,15,10,,1,1,100.0,19,1,100.0,0,0.0,1,100.0,19,19.0,39.00,19.0,1.3,158.3,100.0,0,0,0.00,19.00,39.00,0,0,,2019
75,Ryan Griffin,30,TAM,QB,2,0,,2,4,50.0,18,0,0.0,0,0.0,1,50.0,13,4.5,4.50,9.0,9.0,62.5,32.4,0,0,0.00,4.50,4.50,0,0,,2019
Rk,Player,Age,Team,Pos,G,GS,QBrec,Cmp,Att,Cmp%,Yds,TD,TD%,Int,Int%,1D,Succ%,Lng,Y/A,AY/A,Y/C,Y/G,Rate,QBR,Sk,Yds,Sk%,NY/A,ANY/A,4QC,GWD,Awards,2019
76,Logan Cooke,24,JAX,P,16,0,,2,2,100.0,16,0,0.0,0,0.0,2,,9,8.0,8.00,8.0,1.0,100.0,,1,19,33.33,-1.00,-1.00,0,0,,2019
77,Dante Pettis,24,SFO,WR,11,4,,1,1,100.0,16,0,0.0,0,0.0,1,100.0,16,16.0,16.00,16.0,1.5,118.7,57.3,0,0,0.00,16.00,16.00,0,0,,2019
78,Tim Boyle,25,GNB,QB,3,0,,3,4,75.0,15,0,0.0,0,0.0,1,50.0,7,3.8,3.75,5.0,5.0,80.2,96.7,0,0,0.00,3.75,3.75,0,0,,2019
79,Jarrett Stidham,23,NWE,QB,3,0,,2,4,50.0,14,0,0.0,1,25.0,1,20.0,11,3.5,-7.75,7.0,4.7,18.7,0.1,1,7,20.00,1.40,-7.60,0,0,,2019
80,Alvin Kamara,24,NOR,RB,14,9,,1,1,100.0,13,0,0.0,0,0.0,1,100.0,13,13.0,13.00,13.0,0.9,118.7,58.7,0,0,0.00,13.00,13.00,0,0,PB,2019
81,Michael Palardy,27,CAR,P,16,0,,1,1,100.0,12,0,0.0,0,0.0,1,,12,12.0,12.00,12.0,0.8,116.7,,0,0,0.00,12.00,12.00,0,0,,2019
82,Kelvin Harmon,23,WAS,WR,16,8,,1,1,100.0,11,0,0.0,0,0.0,1,100.0,11,11.0,11.00,11.0,0.7,112.5,99.9,0,0,0.00,11.00,11.00,0,0,,2019
83,Brett Kern,33,TEN,P,16,0,,1,2,50.0,11,0,0.0,0,0.0,1,,11,5.5,5.50,11.0,0.7,66.7,,0,0,0.00,5.50,5.50,0,0,"PB,AP-1",2019
84,Andrew Beck,23,DEN,TE,16,6,,1,1,100.0,6,0,0.0,0,0.0,1,100.0,6,6.0,6.00,6.0,0.4,91.7,100.0,0,0,0.00,6.00,6.00,0,0,,2019
85,DeAndre Hopkins,27,HOU,WR,15,15,,1,2,50.0,6,1,50.0,1,50.0,1,50.0,6,3.0,-9.50,6.0,0.4,56.2,0.0,0,0,0.00,3.00,-9.50,0,0,"PB,AP-1",2019
86,Kenjon Barner,30,ATL,RB,14,0,,1,1,100.0,3,0,0.0,0,0.0,0,,3,3.0,3.00,3.0,0.2,79.2,31.7,0,0,0.00,3.00,3.00,0,0,,2019
87,Blake Bortles,27,LAR,QB,3,0,,1,2,50.0,3,0,0.0,0,0.0,0,,3,1.5,1.50,3.0,1.0,56.2,0.1,0,0,0.00,1.50,1.50,0,0,,2019
88,Trevor Siemian,28,NYJ,QB,1,1,0-1-0,3,6,50.0,3,0,0.0,0,0.0,0,,3,0.5,0.50,1.0,3.0,56.2,1.2,2,17,25.00,-1.75,-1.75,0,0,,2019
89,Matt Haack,25,MIA,P,16,0,,1,2,50.0,1,1,50.0,0,0.0,1,,1,0.5,10.50,1.0,0.1,95.8,0.0,0,0,0.00,0.50,10.50,0,0,,2019
90,Alex Tanney,32,NYG,QB,1,0,,1,1,100.0,1,0,0.0,0,0.0,0,,1,1.0,1.00,1.0,1.0,79.2,1.4,0,0,0.00,1.00,1.00,0,0,,2019
91,Randall Cobb,29,DAL,WR,15,6,,0,1,0.0,0,0,0.0,0,0.0,0,,,0.0,0.00,,0.0,39.6,5.4,0,0,0.00,0.00,0.00,0,0,,2019
92,Dustin Colquitt,37,KAN,P,16,0,,0,1,0.0,0,0,0.0,0,0.0,0,,,0.0,0.00,,0.0,39.6,0.0,0,0,0.00,0.00,0.00,0,0,,2019
93,Stefon Diggs,26,MIN,WR,15,15,,0,1,0.0,0,0,0.0,0,0.0,0,,,0.0,0.00,,0.0,39.6,0.2,0,0,0.00,0.00,0.00,0,0,,2019
94,Jake Elliott,24,PHI,K,16,0,,0,1,0.0,0,0,0.0,1,100.0,0,,,0.0,-45.00,,0.0,0.0,,0,0,0.00,0.00,-45.00,0,0,,2019
95,David Fales,29,NYJ,QB,2,0,,0,0,,0,0,,0,,0,,,,,,0.0,,3.8,1,7,100.00,-7.00,-7.00,0,0,,2019
96,Garrett Gilbert,28,CLE,QB,5,0,,0,3,0.0,0,0,0.0,0,0.0,0,,,0.0,0.00,,0.0,39.6,22.8,0,0,0.00,0.00,0.00,0,0,,2019
97,Josh Gordon,28,SEA,WR,5,1,,0,1,0.0,0,0,0.0,1,100.0,0,,,0.0,-45.00,,0.0,0.0,,0,0,0.00,0.00,-45.00,0,0,,2019
98,Kareem Hunt,24,CLE,RB,8,3,,0,0,,0,0,,0,,0,,,,,,0.0,,0.0,1,8,100.00,-8.00,-8.00,0,0,,2019
99,Cooper Kupp,26,LAR,WR,16,14,,0,1,0.0,0,0,0.0,0,0.0,0,,,0.0,0.00,,0.0,39.6,0.0,0,0,0.00,0.00,0.00,0,0,AP CPoY-5,2019
100,Christian McCaffrey,23,CAR,RB,16,16,,0,2,0.0,0,0,0.0,0,0.0,0,,,0.0,0.00,,0.0,39.6,0.2,0,0,0.00,0.00,0.00,0,0,"PB,AP-1,AP OPoY-3",2019
Rk,Player,Age,Team,Pos,G,GS,QBrec,Cmp,Att,Cmp%,Yds,TD,TD%,Int,Int%,1D,Succ%,Lng,Y/A,AY/A,Y/C,Y/G,Rate,QBR,Sk,Yds,Sk%,NY/A,ANY/A,4QC,GWD,Awards,2019
101,Zach Pascal,25,IND,WR,16,13,,0,1,0.0,0,0,0.0,0,0.0,0,,,0.0,0.00,,0.0,39.6,0.8,0,0,0.00,0.00,0.00,0,0,,2019
102,Bilal Powell,31,NYJ,RB,13,1,,0,1,0.0,0,0,0.0,0,0.0,0,,,0.0,0.00,,0.0,39.6,1.9,0,0,0.00,0.00,0.00,0,0,,2019
103,Steven Sims,22,WAS,WR,16,2,,0,1,0.0,0,0,0.0,0,0.0,0,,,0.0,0.00,,0.0,39.6,,0,0,0.00,0.00,0.00,0,0,,2019
104,Colby Wadman,24,DEN,P,16,0,,0,0,,0,0,,0,,0,,,,,,0.0,,,1,7,100.00,-7.00,-7.00,0,0,,2019
105,Preston Williams,22,MIA,WR,8,7,,0,0,,0,0,,0,,0,,,,,,0.0,,0.7,1,1,100.00,-1.00,-1.00,0,0,,2019
106,Sam Koch,37,BAL,P,16,0,,1,1,100.0,-2,0,0.0,0,0.0,0,,-2,-2.0,-2.00,-2.0,-0.1,79.2,100.0,0,0,0.00,-2.00,-2.00,0,0,,2019
,League Average,,,,,,,,,63.5,,,4.5,,2.3,,45.5,,7.2,7.08,11.4,113.9,90.4,,,,6.67,6.29,6.16,,,,2019
1,Deshaun Watson,25,HOU,QB,16,16,4-12-0,382,544,70.2,4823,33,6.1,7,1.3,221,54.5,77,8.9,9.50,12.6,301.4,112.4,63.7,49,293,8.26,7.64,8.22,0,0,PB,2020
2,Patrick Mahomes,25,KAN,QB,15,15,14-1-0,390,588,66.3,4740,38,6.5,6,1.0,238,54.1,75,8.1,8.89,12.2,316.0,108.2,78.1,22,147,3.61,7.53,8.33,3,3,"PB,AP-2,AP MVP-3,AP OPoY-2",2020
3,Tom Brady,43,TAM,QB,16,16,11-5-0,401,610,65.7,4633,40,6.6,12,2.0,233,49.6,50,7.6,8.02,11.6,289.6,102.2,66.0,21,143,3.33,7.12,7.53,3,3,,2020
4,Matt Ryan,35,ATL,QB,16,16,4-12-0,407,626,65.0,4581,26,4.2,11,1.8,242,47.8,63,7.3,7.36,11.3,286.3,93.3,59.8,41,257,6.15,6.48,6.52,0,0,,2020
5,Josh Allen,24,BUF,QB,16,16,13-3-0,396,572,69.2,4544,37,6.5,10,1.7,228,56.5,55,7.9,8.45,11.5,284.0,107.2,76.6,26,159,4.35,7.33,7.82,2,3,"PB,AP-2,AP MVP-2,AP OPoY-4",2020
6,Justin Herbert,22,LAC,QB,15,15,6-9-0,396,595,66.6,4336,31,5.2,10,1.7,216,47.8,72,7.3,7.57,10.9,289.1,98.3,62.6,32,218,5.10,6.57,6.84,1,3,AP ORoY-1,2020
7,Aaron Rodgers,37,GNB,QB,16,16,13-3-0,372,526,70.7,4299,48,9.1,5,1.0,216,55.3,78,8.2,9.57,11.6,268.7,121.5,79.8,20,182,3.66,7.54,8.89,1,2,"PB,AP-1,AP MVP-1,AP OPoY-2",2020
8,Kirk Cousins,32,MIN,QB,16,16,7-9-0,349,516,67.6,4265,35,6.8,13,2.5,212,51.2,71,8.3,8.49,12.2,266.6,105.0,55.8,39,256,7.03,7.22,7.43,1,3,,2020
9,Russell Wilson,32,SEA,QB,16,16,12-4-0,384,558,68.8,4212,40,7.2,13,2.3,213,51.4,62,7.5,7.93,11.0,263.3,105.1,67.1,47,301,7.77,6.46,6.82,3,3,PB,2020
10,Philip Rivers,39,IND,QB,16,16,11-5-0,369,543,68.0,4169,24,4.4,11,2.0,200,51.1,55,7.7,7.65,11.3,260.6,97.0,55.0,19,118,3.38,7.21,7.18,2,3,,2020
11,Derek Carr,29,LVR,QB,16,16,8-8-0,348,517,67.3,4103,27,5.2,9,1.7,192,50.6,85,7.9,8.20,11.8,256.4,101.4,64.3,26,150,4.79,7.28,7.53,3,5,,2020
12,Matthew Stafford,32,DET,QB,16,16,5-11-0,339,528,64.2,4084,26,4.9,10,1.9,205,47.9,73,7.7,7.87,12.0,255.3,96.3,61.3,38,254,6.71,6.77,6.89,3,4,,2020
13,Kyler Murray,23,ARI,QB,16,16,8-8-0,375,558,67.2,3971,26,4.7,12,2.2,205,48.9,80,7.1,7.08,10.6,248.2,94.3,61.9,27,176,4.62,6.49,6.45,3,4,PB,2020
14,Jared Goff,26,LAR,QB,15,15,9-6-0,370,552,67.0,3952,20,3.6,13,2.4,194,51.8,56,7.2,6.82,10.7,263.5,90.0,50.8,23,161,4.00,6.59,6.27,0,1,,2020
15,Ryan Tannehill,32,TEN,QB,16,16,11-5-0,315,481,65.5,3819,33,6.9,7,1.5,202,52.1,75,7.9,8.66,12.1,238.7,106.5,72.6,24,173,4.75,7.22,7.90,5,6,,2020
16,Ben Roethlisberger,38,PIT,QB,15,15,12-3-0,399,608,65.6,3803,33,5.4,10,1.6,193,48.6,84,6.3,6.60,9.5,253.5,94.1,52.5,13,118,2.09,5.93,6.27,4,4,AP CPoY-2,2020
17,Teddy Bridgewater,28,CAR,QB,15,15,4-11-0,340,492,69.1,3733,15,3.0,11,2.2,174,46.1,75,7.6,7.19,11.0,248.9,92.1,56.8,31,205,5.93,6.75,6.37,0,0,,2020
18,Baker Mayfield,25,CLE,QB,16,16,11-5-0,305,486,62.8,3563,26,5.3,8,1.6,188,49.4,75,7.3,7.66,11.7,222.7,95.9,65.5,26,162,5.08,6.64,6.96,2,2,,2020
19,Daniel Jones,23,NYG,QB,14,14,5-9-0,280,448,62.5,2943,11,2.5,10,2.2,157,42.8,53,6.6,6.06,10.5,210.2,80.4,54.0,45,286,9.13,5.39,4.92,0,0,,2020
20,Drew Brees,41,NOR,QB,12,12,9-3-0,275,390,70.5,2942,24,6.2,6,1.5,149,52.6,52,7.5,8.08,10.7,245.2,106.4,68.3,13,89,3.23,7.08,7.60,1,3,,2020
21,Drew Lock,24,DEN,QB,13,13,4-9-0,254,443,57.3,2933,16,3.6,15,3.4,145,41.1,92,6.6,5.82,11.5,225.6,75.4,41.2,19,123,4.11,6.08,5.31,1,1,,2020
22,Lamar Jackson,23,BAL,QB,15,15,11-4-0,242,376,64.4,2757,26,6.9,9,2.4,138,46.2,47,7.3,7.64,11.4,183.8,99.3,67.3,29,160,7.16,6.41,6.70,1,1,,2020
23,Joe Burrow,24,CIN,QB,10,10,2-7-1,264,404,65.3,2688,13,3.2,5,1.2,150,47.2,67,6.7,6.74,10.2,268.8,89.8,48.5,32,231,7.34,5.64,5.72,0,0,,2020
24,Cam Newton,31,NWE,QB,15,15,7-8-0,242,368,65.8,2657,8,2.2,10,2.7,133,45.9,50,7.2,6.43,11.0,177.1,82.9,39.4,31,195,7.77,6.17,5.44,1,3,,2020
25,Carson Wentz,28,PHI,QB,12,12,3-8-1,251,437,57.4,2620,16,3.7,15,3.4,130,40.0,59,6.0,5.18,10.4,218.3,72.8,41.9,50,326,10.27,4.71,3.98,3,2,,2020
Rk,Player,Age,Team,Pos,G,GS,QBrec,Cmp,Att,Cmp%,Yds,TD,TD%,Int,Int%,1D,Succ%,Lng,Y/A,AY/A,Y/C,Y/G,Rate,QBR,Sk,Yds,Sk%,NY/A,ANY/A,4QC,GWD,Awards,2020
26,Nick Mullens,25,SFO,QB,10,8,2-6-0,211,326,64.7,2437,12,3.7,12,3.7,120,47.5,49,7.5,6.56,11.5,243.7,84.1,36.3,19,139,5.51,6.66,5.79,1,1,,2020
27,Gardner Minshew II,24,JAX,QB,9,8,1-7-0,216,327,66.1,2259,16,4.9,5,1.5,117,48.0,51,6.9,7.20,10.5,251.0,95.9,44.0,27,147,7.63,5.97,6.23,1,1,,2020
28,Sam Darnold,23,NYJ,QB,12,12,2-10-0,217,364,59.6,2208,9,2.5,11,3.0,109,38.3,69,6.1,5.20,10.2,184.0,72.7,32.9,35,234,8.77,4.95,4.16,0,0,,2020
29,Andy Dalton,33,DAL,QB,11,9,4-5-0,216,333,64.9,2170,14,4.2,8,2.4,116,48.2,69,6.5,6.28,10.0,197.3,87.3,46.1,24,184,6.72,5.56,5.34,2,3,,2020
30,Ryan Fitzpatrick,38,MIA,QB,9,7,4-3-0,183,267,68.5,2091,13,4.9,8,3.0,106,54.4,70,7.8,7.46,11.4,232.3,95.6,70.9,14,65,4.98,7.21,6.85,1,1,,2020
31,Mitchell Trubisky,26,CHI,QB,10,9,6-3-0,199,297,67.0,2055,16,5.4,8,2.7,124,53.7,53,6.9,6.78,10.3,205.5,93.5,53.8,18,125,5.71,6.13,6.00,1,1,,2020
32,Dak Prescott,27,DAL,QB,5,5,2-3-0,151,222,68.0,1856,9,4.1,4,1.8,93,56.0,58,8.4,8.36,12.3,371.2,99.6,73.1,10,66,4.31,7.72,7.72,1,1,,2020
33,Nick Foles,31,CHI,QB,9,7,2-5-0,202,312,64.7,1852,10,3.2,8,2.6,93,43.9,50,5.9,5.42,9.2,205.8,80.8,36.0,18,145,5.45,5.17,4.69,2,2,,2020
34,Tua Tagovailoa,22,MIA,QB,10,9,6-3-0,186,290,64.1,1814,11,3.8,5,1.7,100,47.7,35,6.3,6.24,9.8,181.4,87.1,44.8,20,136,6.45,5.41,5.40,2,2,,2020
35,Alex Smith,36,WAS,QB,8,6,5-1-0,168,252,66.7,1582,6,2.4,8,3.2,73,43.4,68,6.3,5.33,9.4,197.8,78.5,28.2,22,139,8.03,5.27,4.39,1,1,AP CPoY-1,2020
36,Dwayne Haskins,23,WAS,QB,7,6,1-5-0,148,241,61.4,1439,5,2.1,7,2.9,73,37.9,50,6.0,5.08,9.7,205.6,73.0,24.8,20,141,7.66,4.97,4.15,1,1,,2020
37,Jimmy Garoppolo,29,SFO,QB,6,6,3-3-0,94,140,67.1,1096,7,5.0,5,3.6,55,49.0,76,7.8,7.22,11.7,182.7,92.4,54.0,11,77,7.28,6.75,6.19,0,0,,2020
38,Mike Glennon,31,JAX,QB,5,5,0-5-0,111,179,62.0,1072,7,3.9,5,2.8,57,43.1,46,6.0,5.51,9.7,214.4,80.1,29.8,9,53,4.79,5.42,4.97,0,0,,2020
39,Jalen Hurts,22,PHI,QB,15,4,1-3-0,77,148,52.0,1061,6,4.1,4,2.7,45,38.5,81,7.2,6.76,13.8,70.7,77.6,33.8,13,59,8.07,6.22,5.85,0,0,,2020
40,Taysom Hill,30,NOR,QB/WR,16,8,3-1-0,88,121,72.7,928,4,3.3,2,1.7,45,45.2,44,7.7,7.59,10.5,58.0,98.8,51.1,14,87,10.37,6.23,6.16,0,0,,2020
41,Brandon Allen,28,CIN,QB,5,5,1-4-0,90,142,63.4,925,5,3.5,4,2.8,42,45.6,72,6.5,5.95,10.3,185.0,82.0,37.5,7,51,4.70,5.87,5.33,1,1,,2020
42,Joe Flacco,35,NYJ,QB,5,4,0-4-0,74,134,55.2,864,6,4.5,3,2.2,36,41.8,52,6.4,6.34,11.7,172.8,80.6,50.3,7,69,4.96,5.64,5.53,0,0,,2020
43,C.J. Beathard,27,SFO,QB,6,2,1-1-0,66,104,63.5,787,6,5.8,0,0.0,42,46.9,49,7.6,8.72,11.9,131.2,105.7,46.0,9,71,7.96,6.34,7.40,0,0,,2020
44,Jake Luton,24,JAX,QB,3,3,0-3-0,60,110,54.5,624,2,1.8,6,5.5,31,41.0,73,5.7,3.58,10.4,208.0,54.5,32.8,7,52,5.98,4.89,2.92,0,0,,2020
45,Kyle Allen,24,WAS,QB,4,4,1-3-0,60,87,69.0,610,4,4.6,1,1.1,30,46.8,52,7.0,7.41,10.2,152.5,99.3,68.2,7,44,7.45,6.02,6.39,0,0,,2020
46,Jeff Driskel,27,DEN,QB,3,1,0-1-0,35,64,54.7,432,3,4.7,2,3.1,18,33.3,45,6.8,6.28,12.3,144.0,78.4,36.1,11,98,14.67,4.45,4.05,0,0,,2020
47,Colt McCoy,34,NYG,QB,4,2,1-1-0,40,66,60.6,375,1,1.5,1,1.5,19,36.6,35,5.7,5.30,9.4,93.8,75.0,29.7,5,24,7.04,4.94,4.59,0,0,,2020
48,P.J. Walker,25,CAR,QB,4,1,1-0-0,32,56,57.1,368,1,1.8,5,8.9,17,36.7,52,6.6,2.91,11.5,92.0,45.8,9.6,4,31,6.67,5.62,2.20,0,0,,2020
49,Mason Rudolph,25,PIT,QB,5,1,0-1-0,25,43,58.1,324,2,4.7,1,2.3,13,36.4,47,7.5,7.42,13.0,64.8,87.7,72.7,1,8,2.27,7.18,7.07,0,0,,2020
50,Brett Rypien,24,DEN,QB,3,1,1-0-0,27,40,67.5,295,2,5.0,4,10.0,12,48.8,48,7.4,3.88,10.9,98.3,66.1,50.3,1,0,2.44,7.20,3.78,1,1,,2020
Rk,Player,Age,Team,Pos,G,GS,QBrec,Cmp,Att,Cmp%,Yds,TD,TD%,Int,Int%,1D,Succ%,Lng,Y/A,AY/A,Y/C,Y/G,Rate,QBR,Sk,Yds,Sk%,NY/A,ANY/A,4QC,GWD,Awards,2020
51,Chase Daniel,34,DET,QB,4,0,,29,43,67.4,264,1,2.3,2,4.7,14,45.7,28,6.1,4.51,9.1,66.0,72.2,15.9,3,29,6.52,5.11,3.59,0,0,,2020
52,Jarrett Stidham,24,NWE,QB,5,0,,22,44,50.0,256,2,4.5,3,6.8,12,33.3,38,5.8,3.66,11.6,51.2,54.7,12.2,4,21,8.33,4.90,2.92,0,0,,2020
53,Chad Henne,35,KAN,QB,3,1,0-1-0,28,38,73.7,248,2,5.3,0,0.0,15,50.0,37,6.5,7.58,8.9,82.7,108.2,26.3,2,4,5.00,6.10,7.10,0,0,,2020
54,Garrett Gilbert,29,DAL,QB,1,1,0-1-0,21,38,55.3,243,1,2.6,1,2.6,10,42.5,32,6.4,5.74,11.6,243.0,72.6,56.8,2,23,5.00,5.50,4.88,0,0,,2020
55,John Wolford,25,LAR,QB,1,1,1-0-0,22,38,57.9,231,0,0.0,1,2.6,12,35.0,38,6.1,4.89,10.5,231.0,64.7,68.5,2,8,5.00,5.58,4.45,0,0,,2020
56,Marcus Mariota,27,LVR,QB,1,0,,17,28,60.7,226,1,3.6,1,3.6,11,46.4,35,8.1,7.18,13.3,226.0,83.3,97.4,0,0,0.00,8.07,7.18,0,0,,2020
57,Ben DiNucci,24,DAL,QB,3,1,0-1-0,23,43,53.5,219,0,0.0,0,0.0,11,34.0,32,5.1,5.09,9.5,73.0,67.9,10.2,7,73,14.00,2.92,2.92,0,0,,2020
58,Tyrod Taylor,31,LAC,QB,2,1,1-0-0,16,30,53.3,208,0,0.0,0,0.0,10,37.5,37,6.9,6.93,13.0,104.0,75.4,16.6,2,1,6.25,6.47,6.47,1,1,,2020
59,Matt Barkley,30,BUF,QB,5,0,,11,21,52.4,197,1,4.8,1,4.8,9,40.9,56,9.4,8.19,17.9,39.4,80.9,27.4,1,7,4.55,8.64,7.50,0,0,,2020
60,Ryan Finley,26,CIN,QB,5,1,1-0-0,17,32,53.1,164,1,3.1,2,6.3,8,24.4,30,5.1,2.94,9.6,32.8,52.1,41.4,9,63,21.95,2.46,0.76,0,0,,2020
61,Blaine Gabbert,31,TAM,QB,4,0,,9,16,56.3,143,2,12.5,0,0.0,5,41.2,35,8.9,11.44,15.9,35.8,125.8,53.1,1,7,5.88,8.00,10.35,0,0,,2020
62,Taylor Heinicke,27,WAS,QB,1,0,,12,19,63.2,137,1,5.3,0,0.0,6,55.0,29,7.2,8.26,11.4,137.0,102.3,40.7,1,7,5.00,6.50,7.50,0,0,,2020
63,Brian Hoyer,35,NWE,QB,1,1,0-1-0,15,24,62.5,130,0,0.0,1,4.2,8,42.3,25,5.4,3.54,8.7,130.0,59.4,22.4,2,18,7.69,4.31,2.58,0,0,,2020
64,Chris Streveler,25,ARI,QB,5,0,,11,16,68.8,105,1,6.3,1,6.3,5,33.3,19,6.6,5.00,9.5,21.0,81.5,29.6,2,10,11.11,5.28,3.89,0,0,,2020
65,Trace McSorley,25,BAL,QB,2,0,,3,10,30.0,90,1,10.0,0,0.0,2,20.0,70,9.0,11.00,30.0,45.0,97.9,28.9,0,0,0.00,9.00,11.00,0,0,,2020
66,Jameis Winston,26,NOR,QB,4,0,,7,11,63.6,75,0,0.0,0,0.0,5,38.5,19,6.8,6.82,10.7,18.8,83.5,12.0,2,11,15.38,4.92,4.92,0,0,,2020
67,Jarvis Landry,28,CLE,WR,15,14,,4,4,100.0,74,1,25.0,0,0.0,4,100.0,37,18.5,23.50,18.5,4.9,158.3,100.0,0,0,0.00,18.50,23.50,0,0,,2020
68,David Blough,25,DET,QB,1,0,,6,10,60.0,49,0,0.0,1,10.0,1,27.3,20,4.9,0.40,8.2,49.0,32.9,11.2,1,10,9.09,3.55,-0.55,0,0,,2020
69,Case Keenum,32,CLE,QB,2,0,,5,10,50.0,46,0,0.0,0,0.0,2,40.0,24,4.6,4.60,9.2,23.0,62.9,34.7,0,0,0.00,4.60,4.60,0,0,,2020
70,Jamison Crowder,27,NYJ,WR,12,7,,1,1,100.0,43,1,100.0,0,0.0,1,100.0,43,43.0,63.00,43.0,3.6,158.3,100.0,0,0,0.00,43.00,63.00,0,0,,2020
71,Jakobi Meyers,24,NWE,WR,14,9,,2,2,100.0,43,2,100.0,0,0.0,2,100.0,24,21.5,41.50,21.5,3.1,158.3,100.0,0,0,0.00,21.50,41.50,0,0,,2020
72,Robert Griffin III,30,BAL,QB,4,1,0-1-0,8,14,57.1,42,0,0.0,2,14.3,1,23.5,9,3.0,-3.43,5.3,10.5,22.6,20.2,3,20,17.65,1.29,-4.00,0,0,,2020
73,Russell Gage,24,ATL,WR,16,8,,1,2,50.0,39,1,50.0,0,0.0,1,50.0,39,19.5,29.50,39.0,2.4,135.4,100.0,0,0,0.00,19.50,29.50,0,0,,2020
74,Julian Edelman,34,NWE,WR,6,1,,2,2,100.0,38,0,0.0,0,0.0,2,100.0,22,19.0,19.00,19.0,6.3,118.7,98.0,0,0,0.00,19.00,19.00,0,0,,2020
75,Geno Smith,30,SEA,QB,1,0,,4,5,80.0,33,0,0.0,0,0.0,3,50.0,14,6.6,6.60,8.3,33.0,94.2,3.9,1,3,16.67,5.00,5.00,0,0,,2020
Rk,Player,Age,Team,Pos,G,GS,QBrec,Cmp,Att,Cmp%,Yds,TD,TD%,Int,Int%,1D,Succ%,Lng,Y/A,AY/A,Y/C,Y/G,Rate,QBR,Sk,Yds,Sk%,NY/A,ANY/A,4QC,GWD,Awards,2020
76,Lynn Bowden Jr.,23,MIA,WR,10,4,,1,2,50.0,32,0,0.0,0,0.0,1,50.0,32,16.0,16.00,32.0,3.2,95.8,32.9,0,0,0.00,16.00,16.00,0,0,,2020
77,Nate Sudfeld,27,PHI,QB,1,0,,5,12,41.7,32,0,0.0,1,8.3,1,21.4,10,2.7,-1.08,6.4,32.0,14.6,1.6,2,16,14.29,1.14,-2.07,0,0,,2020
78,Zay Jones,25,LVR,WR,16,2,,1,1,100.0,29,0,0.0,0,0.0,1,100.0,29,29.0,29.00,29.0,1.8,118.7,100.0,0,0,0.00,29.00,29.00,0,0,,2020
79,Joseph Charlton,23,CAR,P,16,0,,1,1,100.0,28,0,0.0,0,0.0,1,,28,28.0,28.00,28.0,1.8,118.7,99.9,1,5,50.00,11.50,11.50,0,0,,2020
80,Logan Thomas,29,WAS,TE,16,15,,1,1,100.0,28,0,0.0,0,0.0,1,100.0,28,28.0,28.00,28.0,1.8,118.7,40.1,0,0,0.00,28.00,28.00,0,0,,2020
81,Andy Lee,38,ARI,P,16,0,,1,1,100.0,26,0,0.0,0,0.0,1,,26,26.0,26.00,26.0,1.6,118.7,,0,0,0.00,26.00,26.00,0,0,,2020
82,Nathan Peterman,26,LVR,QB,1,0,,3,5,60.0,25,0,0.0,0,0.0,1,28.6,12,5.0,5.00,8.3,25.0,72.9,24.3,2,16,28.57,1.29,1.29,0,0,,2020
83,Cedrick Wilson Jr.,25,DAL,WR,16,0,,2,2,100.0,23,1,50.0,0,0.0,1,50.0,12,11.5,21.50,11.5,1.4,154.2,99.3,0,0,0.00,11.50,21.50,0,0,,2020
84,Cole Beasley,31,BUF,WR,15,10,,1,1,100.0,20,1,100.0,0,0.0,1,100.0,20,20.0,40.00,20.0,1.3,158.3,100.0,0,0,0.00,20.00,40.00,0,0,AP-2,2020
85,A.J. McCarron,30,HOU,QB,2,0,,1,1,100.0,20,0,0.0,0,0.0,1,,20,20.0,20.00,20.0,10.0,118.7,0.0,1,12,50.00,4.00,4.00,0,0,,2020
86,Odell Beckham Jr.,28,CLE,WR,7,7,,1,1,100.0,18,0,0.0,0,0.0,1,100.0,18,18.0,18.00,18.0,2.6,118.7,98.9,0,0,0.00,18.00,18.00,0,0,,2020
87,Tyler Bray,29,CHI,QB,1,0,,1,5,20.0,18,0,0.0,0,0.0,1,20.0,18,3.6,3.60,18.0,18.0,42.1,7.5,0,0,0.00,3.60,3.60,0,0,,2020
88,Golden Tate,32,NYG,WR,12,4,,1,2,50.0,18,0,0.0,0,0.0,1,50.0,18,9.0,9.00,18.0,1.5,81.2,4.8,0,0,0.00,9.00,9.00,0,0,,2020
89,Jacoby Brissett,28,IND,QB,11,0,,2,8,25.0,17,0,0.0,0,0.0,1,10.0,13,2.1,2.13,8.5,1.5,39.6,58.3,2,15,20.00,0.20,0.20,0,0,,2020
90,Tyler Boyd,26,CIN,WR,15,8,,1,2,50.0,16,0,0.0,0,0.0,1,50.0,16,8.0,8.00,16.0,1.1,77.1,48.0,0,0,0.00,8.00,8.00,0,0,,2020
91,Tyler Huntley,22,BAL,QB,2,0,,3,5,60.0,15,0,0.0,0,0.0,0,20.0,8,3.0,3.00,5.0,7.5,64.6,1.4,0,0,0.00,3.00,3.00,0,0,,2020
92,Sam Koch,38,BAL,P,15,0,,1,1,100.0,15,0,0.0,0,0.0,1,,15,15.0,15.00,15.0,1.0,118.7,,0,0,0.00,15.00,15.00,0,0,,2020
93,Greg Ward,25,PHI,WR,16,10,,1,1,100.0,15,0,0.0,0,0.0,1,100.0,15,15.0,15.00,15.0,0.9,118.7,0.7,0,0,0.00,15.00,15.00,0,0,,2020
94,Kendall Hinton,23,DEN,WR,1,0,,1,9,11.1,13,0,0.0,2,22.2,1,10.0,13,1.4,-8.56,13.0,13.0,0.0,0.1,1,1,10.00,1.20,-7.80,0,0,,2020
95,Jaquan Johnson,25,BUF,DB,14,0,,1,1,100.0,13,0,0.0,0,0.0,1,,13,13.0,13.00,13.0,0.9,118.7,,0,0,0.00,13.00,13.00,0,0,,2020
96,Tommy Townsend,24,KAN,P,16,0,,1,1,100.0,13,0,0.0,0,0.0,1,,13,13.0,13.00,13.0,0.8,118.7,10.6,0,0,0.00,13.00,13.00,0,0,,2020
97,Isaiah McKenzie,25,BUF,WR,16,7,,1,1,100.0,12,1,100.0,0,0.0,1,100.0,12,12.0,32.00,12.0,0.8,156.2,88.2,0,0,0.00,12.00,32.00,0,0,,2020
98,Logan Woodside,25,TEN,QB,6,0,,1,3,33.3,7,0,0.0,0,0.0,1,,7,2.3,2.33,7.0,1.2,42.4,65.1,0,0,0.00,2.33,2.33,0,0,,2020
99,Travis Kelce,31,KAN,TE,15,15,,1,2,50.0,4,0,0.0,0,0.0,1,50.0,4,2.0,2.00,4.0,0.3,56.2,55.2,0,0,0.00,2.00,2.00,0,0,"PB,AP-1,AP OPoY-4",2020
100,Easton Stick,25,LAC,QB,1,0,,1,1,100.0,4,0,0.0,0,0.0,0,100.0,4,4.0,4.00,4.0,4.0,83.3,1.3,0,0,0.00,4.00,4.00,0,0,,2020
Rk,Player,Age,Team,Pos,G,GS,QBrec,Cmp,Att,Cmp%,Yds,TD,TD%,Int,Int%,1D,Succ%,Lng,Y/A,AY/A,Y/C,Y/G,Rate,QBR,Sk,Yds,Sk%,NY/A,ANY/A,4QC,GWD,Awards,2020
101,Joshua Dobbs,25,PIT,QB,1,0,,4,5,80.0,2,0,0.0,0,0.0,0,,3,0.4,0.40,0.5,2.0,79.2,48.7,0,0,0.00,0.40,0.40,0,0,,2020
102,Jamal Agnew,25,DET,WR,14,2,,0,1,0.0,0,0,0.0,0,0.0,0,,,0.0,0.00,,0.0,39.6,0.9,0,0,0.00,0.00,0.00,0,0,,2020
103,Keenan Allen,28,LAC,WR,14,13,,0,1,0.0,0,0,0.0,0,0.0,0,,,0.0,0.00,,0.0,39.6,1.4,0,0,0.00,0.00,0.00,0,0,PB,2020
104,Tim Boyle,26,GNB,QB,8,0,,0,0,,0,0,,0,,0,,,,,,0.0,,0.0,1,11,100.00,-11.00,-11.00,0,0,,2020
105,Randall Cobb,30,HOU,WR,10,2,,0,1,0.0,0,0,0.0,0,0.0,0,,,0.0,0.00,,0.0,39.6,2.8,0,0,0.00,0.00,0.00,0,0,,2020
106,Riley Dixon,27,NYG,P,16,0,,0,1,0.0,0,0,0.0,0,0.0,0,,,0.0,0.00,,0.0,39.6,,0,0,0.00,0.00,0.00,0,0,,2020
107,Alex Erickson,28,CIN,WR,16,2,,0,1,0.0,0,0,0.0,0,0.0,0,,,0.0,0.00,,0.0,39.6,8.4,0,0,0.00,0.00,0.00,0,0,,2020
108,Adam Humphries,27,TEN,WR,7,1,,0,0,,0,0,,0,,0,,,,,,0.0,,,1,0,100.00,0.00,0.00,0,0,,2020
109,Chris Jones,31,DAL,P,8,0,,0,1,0.0,0,0,0.0,0,0.0,0,,,0.0,0.00,,0.0,39.6,,0,0,0.00,0.00,0.00,0,0,,2020
110,Brett Kern,34,TEN,P,13,0,,0,1,0.0,0,0,0.0,0,0.0,0,,,0.0,0.00,,0.0,39.6,0.0,0,0,0.00,0.00,0.00,0,0,,2020
111,CeeDee Lamb,21,DAL,WR,16,14,,0,0,,0,0,,0,,0,,,,,,0.0,,0.0,1,4,100.00,-4.00,-4.00,0,0,,2020
112,D.J. Moore,23,CAR,WR,15,14,,0,1,0.0,0,0,0.0,0,0.0,0,,,0.0,0.00,,0.0,39.6,,0,0,0.00,0.00,0.00,0,0,,2020
113,Zach Pascal,26,IND,WR,16,14,,0,1,0.0,0,0,0.0,0,0.0,0,,,0.0,0.00,,0.0,39.6,1.8,0,0,0.00,0.00,0.00,0,0,,2020
114,James Robinson,22,JAX,RB,14,14,,0,0,,0,0,,0,,0,,,,,,0.0,,0.0,1,4,100.00,-4.00,-4.00,0,0,,2020
115,Jeff Smith,23,NYJ,WR,12,4,,0,0,,0,0,,0,,0,,,,,,0.0,,0.0,1,16,100.00,-16.00,-16.00,0,0,,2020
116,Sammy Watkins,27,KAN,WR,10,9,,0,1,0.0,0,0,0.0,1,100.0,0,,,0.0,-45.00,,0.0,0.0,0.0,0,0,0.00,0.00,-45.00,0,0,,2020
117,Isaiah Wright,23,WAS,WR,14,6,,0,1,0.0,0,0,0.0,0,0.0,0,,,0.0,0.00,,0.0,39.6,2.8,0,0,0.00,0.00,0.00,0,0,,2020
,League Average,,,,,,,,,65.2,,,4.8,,2.2,,48.0,,7.2,7.22,11.1,114.8,93.6,,,,5.93,6.42,6.40,,,,2020
1,Tom Brady,44,TAM,QB,17,17,13-4-0,485,719,67.5,5316,43,6.0,12,1.7,269,52.6,62,7.4,7.84,11.0,312.7,102.1,73.1,22,144,2.97,6.98,7.41,3,5,"PB,AP-2,AP MVP-2,AP OPoY-3",2021
2,Justin Herbert,23,LAC,QB,17,17,9-8-0,443,672,65.9,5014,38,5.7,15,2.2,256,51.1,72,7.5,7.59,11.3,294.9,97.7,70.9,31,214,4.41,6.83,6.95,5,5,PB,2021
3,Matthew Stafford,33,LAR,QB,17,17,12-5-0,404,601,67.2,4886,41,6.8,17,2.8,233,52.6,79,8.1,8.22,12.1,287.4,102.9,69.2,30,243,4.75,7.36,7.45,3,4,,2021
4,Patrick Mahomes,26,KAN,QB,17,17,12-5-0,436,658,66.3,4839,37,5.6,13,2.0,260,53.2,75,7.4,7.59,11.1,284.6,98.5,67.7,28,146,4.08,6.84,7.07,3,3,PB,2021
5,Derek Carr,30,LVR,QB,17,17,10-7-0,428,626,68.4,4804,23,3.7,14,2.2,217,49.7,61,7.7,7.40,11.2,282.6,94.0,58.4,40,241,6.01,6.85,6.60,3,6,,2021
6,Joe Burrow,25,CIN,QB,16,16,10-6-0,366,520,70.4,4611,34,6.5,14,2.7,202,47.6,82,8.9,8.96,12.6,288.2,108.3,60.2,51,370,8.93,7.43,7.51,2,3,AP CPoY-1,2021
7,Dak Prescott,28,DAL,QB,16,16,11-5-0,410,596,68.8,4449,37,6.2,10,1.7,227,51.4,51,7.5,7.95,10.9,278.1,104.2,60.5,30,144,4.79,6.88,7.34,1,2,AP CPoY-2,2021
8,Josh Allen,25,BUF,QB,17,17,11-6-0,409,646,63.3,4407,36,5.6,15,2.3,234,49.4,61,6.8,6.89,10.8,259.2,92.2,66.3,26,164,3.87,6.31,6.38,0,0,,2021
9,Kirk Cousins,33,MIN,QB,16,16,8-8-0,372,561,66.3,4221,33,5.9,7,1.2,192,46.2,64,7.5,8.14,11.3,263.8,103.1,58.3,28,197,4.75,6.83,7.42,3,4,PB,2021
10,Aaron Rodgers,38,GNB,QB,16,16,13-3-0,366,531,68.9,4115,37,7.0,4,0.8,213,50.6,75,7.7,8.80,11.2,257.2,111.9,74.1,30,188,5.35,7.00,8.00,1,2,"PB,AP-1,AP MVP-1,AP OPoY-4",2021
11,Matt Ryan,36,ATL,QB,17,17,7-10-0,375,560,67.0,3968,20,3.6,12,2.1,195,46.0,64,7.1,6.84,10.6,233.4,90.4,52.2,40,274,6.67,6.16,5.92,3,4,,2021
12,Jimmy Garoppolo,30,SFO,QB,15,15,9-6-0,301,441,68.3,3810,20,4.5,12,2.7,172,50.4,83,8.6,8.32,12.7,254.0,98.7,59.2,29,201,6.17,7.68,7.38,3,3,,2021
13,Mac Jones,23,NWE,QB,17,17,10-7-0,352,521,67.6,3801,22,4.2,13,2.5,177,49.0,75,7.3,7.02,10.8,223.6,92.5,56.9,28,241,5.10,6.48,6.22,1,1,"PB,AP ORoY-2",2021
14,Kyler Murray,24,ARI,QB,14,14,9-5-0,333,481,69.2,3787,24,5.0,10,2.1,172,49.6,77,7.9,7.94,11.4,270.5,100.6,63.2,31,286,6.05,6.84,6.90,1,1,PB,2021
15,Ben Roethlisberger,39,PIT,QB,16,16,9-7-0,390,605,64.5,3740,22,3.6,10,1.7,188,42.6,59,6.2,6.17,9.6,233.8,86.8,41.3,38,239,5.91,5.44,5.43,6,7,,2021
16,Ryan Tannehill,33,TEN,QB,17,17,12-5-0,357,531,67.2,3734,21,4.0,14,2.6,192,46.2,57,7.0,6.64,10.5,219.6,89.6,61.8,47,327,8.13,5.89,5.53,3,4,,2021
17,Trevor Lawrence,22,JAX,QB,17,17,3-14-0,359,602,59.6,3641,12,2.0,17,2.8,177,44.6,58,6.0,5.18,10.1,214.2,71.9,39.1,32,238,5.05,5.37,4.54,1,2,,2021
18,Carson Wentz,29,IND,QB,17,17,9-8-0,322,516,62.4,3563,27,5.2,7,1.4,165,44.0,76,6.9,7.34,11.1,209.6,94.6,60.6,32,227,5.84,6.09,6.50,0,0,,2021
19,Taylor Heinicke,28,WAS,QB,16,15,7-8-0,321,494,65.0,3419,20,4.0,15,3.0,167,44.9,73,6.9,6.36,10.7,213.7,85.9,45.8,38,278,7.14,5.90,5.39,3,4,,2021
20,Jared Goff,27,DET,QB,14,14,3-10-1,332,494,67.2,3245,19,3.8,8,1.6,162,46.9,63,6.6,6.61,9.8,231.8,91.5,45.5,35,280,6.62,5.60,5.64,2,2,,2021
21,Jalen Hurts,23,PHI,QB,15,15,8-7-0,265,432,61.3,3144,16,3.7,9,2.1,143,43.9,91,7.3,7.08,11.9,209.6,87.2,54.6,26,150,5.68,6.54,6.35,2,2,,2021
22,Russell Wilson,33,SEA,QB,14,14,6-8-0,259,400,64.8,3113,25,6.3,6,1.5,135,44.6,69,7.8,8.36,12.0,222.4,103.1,60.6,33,266,7.62,6.58,7.11,0,1,PB,2021
23,Teddy Bridgewater,29,DEN,QB,14,14,7-7-0,285,426,66.9,3052,18,4.2,7,1.6,146,46.0,64,7.2,7.27,10.7,218.0,94.9,53.4,31,211,6.78,6.22,6.32,0,1,,2021
24,Baker Mayfield,26,CLE,QB,14,14,6-8-0,253,418,60.5,3010,17,4.1,13,3.1,143,44.3,71,7.2,6.61,11.9,215.0,83.1,40.9,43,269,9.33,5.95,5.41,0,0,,2021
25,Lamar Jackson,24,BAL,QB,12,12,7-5-0,246,382,64.4,2882,16,4.2,13,3.4,135,46.9,49,7.5,6.85,11.7,240.2,87.0,56.8,38,190,9.05,6.41,5.78,4,4,PB,2021
Rk,Player,Age,Team,Pos,G,GS,QBrec,Cmp,Att,Cmp%,Yds,TD,TD%,Int,Int%,1D,Succ%,Lng,Y/A,AY/A,Y/C,Y/G,Rate,QBR,Sk,Yds,Sk%,NY/A,ANY/A,4QC,GWD,Awards,2021
26,Davis Mills,23,HOU,QB,13,11,2-9-0,263,394,66.8,2664,16,4.1,10,2.5,118,44.0,67,6.8,6.43,10.1,204.9,88.8,41.2,31,206,7.29,5.78,5.48,0,0,,2021
27,Tua Tagovailoa,23,MIA,QB,13,12,7-5-0,263,388,67.8,2653,16,4.1,10,2.6,137,50.2,65,6.8,6.50,10.1,204.1,90.1,55.7,20,152,4.90,6.13,5.81,0,2,,2021
28,Sam Darnold,24,CAR,QB,12,11,4-7-0,243,406,59.9,2527,9,2.2,13,3.2,123,41.0,63,6.2,5.23,10.4,210.6,71.9,38.8,35,204,7.94,5.27,4.35,0,0,,2021
29,Daniel Jones,24,NYG,QB,11,11,4-7-0,232,361,64.3,2428,10,2.8,7,1.9,116,43.9,54,6.7,6.41,10.5,220.7,84.8,47.5,22,160,5.74,5.92,5.62,1,1,,2021
30,Zach Wilson,22,NYJ,QB,13,13,3-10-0,213,383,55.6,2334,9,2.3,11,2.9,112,37.0,54,6.1,5.27,11.0,179.5,69.7,33.4,44,370,10.30,4.60,3.86,1,1,,2021
31,Justin Fields,22,CHI,QB,12,10,2-8-0,159,270,58.9,1870,7,2.6,10,3.7,83,38.2,64,6.9,5.78,11.8,155.8,73.2,31.4,36,264,11.76,5.25,4.24,0,0,,2021
32,Andy Dalton,34,CHI,QB,8,6,3-3-0,149,236,63.1,1515,8,3.4,9,3.8,83,42.9,60,6.4,5.38,10.2,189.4,76.9,39.2,18,143,7.09,5.40,4.44,1,1,,2021
33,Jacoby Brissett,29,MIA,QB,11,5,2-3-0,141,225,62.7,1283,5,2.2,4,1.8,69,46.3,52,5.7,5.35,9.1,116.6,78.1,54.3,19,132,7.79,4.72,4.39,0,0,,2021
34,Jameis Winston,27,NOR,QB,7,7,5-2-0,95,161,59.0,1170,14,8.7,3,1.9,56,44.8,72,7.3,8.17,12.3,167.1,102.8,69.8,11,69,6.40,6.40,7.24,0,1,,2021
35,Trevor Siemian,30,NOR,QB,6,4,0-4-0,108,188,57.4,1154,11,5.9,3,1.6,61,41.1,46,6.1,6.59,10.7,192.3,88.4,41.3,9,64,4.57,5.53,5.96,1,1,,2021
36,Tyler Huntley,23,BAL,QB,7,4,1-3-0,122,188,64.9,1081,3,1.6,4,2.1,55,41.3,43,5.8,5.11,8.9,154.4,76.6,55.0,18,107,8.74,4.73,4.15,1,1,,2021
37,Taysom Hill,31,NOR,QB/WR,12,9,4-1-0,78,134,58.2,978,4,3.0,5,3.7,43,42.0,70,7.3,6.22,12.5,81.5,75.4,48.5,9,64,6.29,6.39,5.38,0,0,,2021
38,Tyrod Taylor,32,HOU,QB,6,6,2-4-0,91,150,60.7,966,5,3.3,5,3.3,44,44.8,52,6.4,5.61,10.6,161.0,76.7,46.4,13,119,7.98,5.20,4.43,0,0,,2021
39,Mike White,26,NYJ,QB,4,3,1-2-0,88,132,66.7,953,5,3.8,8,6.1,49,53.7,28,7.2,5.25,10.8,238.3,75.1,56.5,4,18,2.94,6.88,4.96,1,1,,2021
40,Mike Glennon,32,NYG,QB,6,4,0-4-0,90,167,53.9,790,4,2.4,10,6.0,43,33.0,60,4.7,2.51,8.8,131.7,49.7,14.7,9,68,5.11,4.10,2.00,0,0,,2021
41,Drew Lock,25,DEN,QB,6,3,0-3-0,67,111,60.4,787,2,1.8,2,1.8,32,36.7,44,7.1,6.64,11.7,131.2,80.4,28.1,9,52,7.50,6.13,5.71,0,0,,2021
42,Colt McCoy,35,ARI,QB,8,3,2-1-0,74,99,74.7,740,3,3.0,1,1.0,39,51.4,50,7.5,7.63,10.0,92.5,101.4,60.4,6,40,5.71,6.67,6.81,0,0,,2021
43,Geno Smith,31,SEA,QB,4,3,1-2-0,65,95,68.4,702,5,5.3,1,1.1,31,44.4,84,7.4,7.97,10.8,175.5,103.0,51.8,13,117,12.04,5.42,5.93,0,0,,2021
44,Cam Newton,32,CAR,QB,8,5,0-5-0,69,126,54.8,684,4,3.2,5,4.0,32,39.0,64,5.4,4.28,9.9,85.5,64.4,30.4,10,83,7.35,4.42,3.35,0,0,,2021
45,Josh Johnson,35,2TM,QB,4,1,0-1-0,57,85,67.1,638,5,5.9,2,2.4,39,55.7,28,7.5,7.62,11.2,159.5,99.0,,3,23,3.41,6.99,7.10,0,0,,2021
45,Josh Johnson,35,NYJ,QB,3,0,,29,45,64.4,334,3,6.7,1,2.2,20,48.9,26,7.4,7.76,11.5,111.3,99.7,,2,14,4.26,6.81,7.13,0,0,,2021
45,Josh Johnson,35,BAL,QB,1,1,0-1-0,28,40,70.0,304,2,5.0,1,2.5,19,63.4,28,7.6,7.48,10.9,304.0,98.3,,1,9,2.44,7.20,7.07,0,0,,2021
46,Trey Lance,21,SFO,QB,6,2,1-1-0,41,71,57.7,603,5,7.0,2,2.8,27,38.7,76,8.5,8.63,14.7,100.5,97.3,39.0,4,15,5.33,7.84,7.97,0,0,,2021
47,Tim Boyle,27,DET,QB,5,3,0-3-0,61,94,64.9,526,3,3.2,6,6.4,28,44.7,42,5.6,3.36,8.6,105.2,63.5,31.4,0,0,0.00,5.60,3.36,0,0,,2021
48,Case Keenum,33,CLE,QB,7,2,2-0-0,47,72,65.3,462,3,4.2,1,1.4,25,49.4,34,6.4,6.63,9.8,66.0,91.3,42.7,5,29,6.49,5.62,5.82,0,0,,2021
Rk,Player,Age,Team,Pos,G,GS,QBrec,Cmp,Att,Cmp%,Yds,TD,TD%,Int,Int%,1D,Succ%,Lng,Y/A,AY/A,Y/C,Y/G,Rate,QBR,Sk,Yds,Sk%,NY/A,ANY/A,4QC,GWD,Awards,2021
49,Gardner Minshew II,25,PHI,QB,4,2,1-1-0,41,60,68.3,439,4,6.7,1,1.7,24,46.2,36,7.3,7.90,10.7,109.8,104.8,66.2,5,31,7.69,6.28,6.82,0,0,,2021
50,Cooper Rush,28,DAL,QB,5,1,1-0-0,30,47,63.8,422,3,6.4,1,2.1,18,40.0,73,9.0,9.30,14.1,84.4,105.1,47.8,3,19,6.00,8.06,8.36,1,1,,2021
51,Jordan Love,23,GNB,QB,6,1,0-1-0,36,62,58.1,411,2,3.2,3,4.8,22,38.5,62,6.6,5.10,11.4,68.5,68.7,36.8,3,23,4.62,5.97,4.51,0,0,,2021
52,P.J. Walker,26,CAR,QB,5,1,1-0-0,36,66,54.5,362,1,1.5,3,4.5,19,35.6,24,5.5,3.74,10.1,72.4,56.5,23.4,7,47,9.59,4.32,2.74,0,0,,2021
53,Joe Flacco,36,NYJ,QB,2,1,0-1-0,27,42,64.3,338,3,7.1,0,0.0,14,56.8,62,8.0,9.48,12.5,169.0,113.0,49.5,2,13,4.55,7.39,8.75,0,0,,2021
54,Mason Rudolph,26,PIT,QB,2,1,0-0-1,35,58,60.3,277,1,1.7,1,1.7,16,41.4,36,4.8,4.34,7.9,138.5,70.8,45.4,0,0,0.00,4.78,4.34,1,0,,2021
55,Nick Foles,32,CHI,QB,1,1,1-0-0,24,35,68.6,250,1,2.9,0,0.0,14,46.2,30,7.1,7.71,10.4,250.0,98.5,51.6,4,21,10.26,5.87,6.38,1,1,,2021
56,Brian Hoyer,36,NWE,QB,5,0,,9,11,81.8,227,1,9.1,0,0.0,8,81.8,48,20.6,22.45,25.2,45.4,149.1,97.9,0,0,0.00,20.64,22.45,0,0,,2021
57,Jake Fromm,23,NYG,QB,3,2,0-2-0,27,60,45.0,210,1,1.7,3,5.0,10,27.3,36,3.5,1.58,7.8,70.0,38.9,18.8,6,33,9.09,2.68,0.94,0,0,,2021
58,Garrett Gilbert,30,WAS,QB,1,1,0-1-0,20,31,64.5,194,0,0.0,0,0.0,8,42.4,46,6.3,6.26,9.7,194.0,81.9,45.6,2,20,6.06,5.27,5.27,0,0,,2021
59,Sean Mannion,29,MIN,QB,1,1,0-1-0,22,36,61.1,189,1,2.8,0,0.0,8,31.6,30,5.3,5.81,8.6,189.0,84.1,39.1,2,15,5.26,4.58,5.11,0,0,,2021
60,Brandon Allen,29,CIN,QB,6,1,0-1-0,17,34,50.0,149,2,5.9,0,0.0,5,21.1,26,4.4,5.56,8.8,24.8,81.6,10.4,4,33,10.53,3.05,4.11,0,1,,2021
61,Nick Mullens,26,CLE,QB,1,1,0-1-0,20,30,66.7,147,1,3.3,0,0.0,9,40.0,25,4.9,5.57,7.4,147.0,89.2,81.5,0,0,0.00,4.90,5.57,0,0,,2021
62,Ian Book,23,NOR,QB,1,1,0-1-0,12,20,60.0,135,0,0.0,2,10.0,5,28.6,56,6.8,2.25,11.3,135.0,40.6,2.8,8,54,28.57,2.89,-0.32,0,0,,2021
63,Kyle Allen,25,WAS,QB,2,0,,12,19,63.2,120,1,5.3,0,0.0,6,42.9,19,6.3,7.37,10.0,60.0,98.6,29.3,2,5,9.52,5.48,6.43,0,0,,2021
64,Cedrick Wilson Jr.,26,DAL,WR,16,4,,3,3,100.0,88,0,0.0,0,0.0,3,100.0,35,29.3,29.33,29.3,5.5,118.7,99.9,0,0,0.00,29.33,29.33,0,0,,2021
65,Chad Henne,36,KAN,QB,4,0,,11,16,68.8,82,0,0.0,0,0.0,6,62.5,17,5.1,5.13,7.5,20.5,80.7,74.1,0,0,0.00,5.13,5.13,0,0,,2021
66,Tom Kennedy,25,DET,WR,12,0,,1,1,100.0,75,1,100.0,0,0.0,1,100.0,75,75.0,95.00,75.0,6.3,158.3,100.0,0,0,0.00,75.00,95.00,0,0,,2021
67,Blaine Gabbert,32,TAM,QB,6,0,,7,11,63.6,67,0,0.0,0,0.0,4,41.7,23,6.1,6.09,9.6,11.2,80.5,36.6,1,10,8.33,4.75,4.75,0,0,,2021
68,Tyler Boyd,27,CIN,WR,16,10,,1,1,100.0,46,0,0.0,0,0.0,1,100.0,46,46.0,46.00,46.0,2.9,118.7,99.0,0,0,0.00,46.00,46.00,0,0,,2021
69,Jakobi Meyers,25,NWE,WR,17,16,,2,2,100.0,45,0,0.0,0,0.0,1,50.0,30,22.5,22.50,22.5,2.6,118.7,78.1,0,0,0.00,22.50,22.50,0,0,,2021
70,Mitchell Trubisky,27,BUF,QB,6,0,,6,8,75.0,43,0,0.0,1,12.5,2,50.0,15,5.4,-0.25,7.2,7.2,47.4,77.7,0,0,0.00,5.38,-0.25,0,0,,2021
71,Jack Fox,25,DET,P,17,0,,2,3,66.7,38,0,0.0,0,0.0,2,66.7,21,12.7,12.67,19.0,2.2,109.7,,0,0,0.00,12.67,12.67,0,0,,2021
72,Chris Streveler,26,ARI,QB,2,0,,6,9,66.7,36,0,0.0,0,0.0,1,36.4,17,4.0,4.00,6.0,18.0,74.3,3.0,2,17,18.18,1.73,1.73,0,0,,2021
73,Justin Jefferson,22,MIN,WR,17,17,,2,4,50.0,35,0,0.0,0,0.0,2,50.0,24,8.8,8.75,17.5,2.1,80.2,48.7,0,0,0.00,8.75,8.75,0,0,"PB,AP-2",2021
Rk,Player,Age,Team,Pos,G,GS,QBrec,Cmp,Att,Cmp%,Yds,TD,TD%,Int,Int%,1D,Succ%,Lng,Y/A,AY/A,Y/C,Y/G,Rate,QBR,Sk,Yds,Sk%,NY/A,ANY/A,4QC,GWD,Awards,2021
74,C.J. Beathard,28,JAX,QB,2,0,,2,2,100.0,33,0,0.0,0,0.0,1,50.0,28,16.5,16.50,16.5,16.5,118.7,92.3,0,0,0.00,16.50,16.50,0,0,,2021
75,Christian Kirk,25,ARI,WR,17,11,,1,1,100.0,33,0,0.0,0,0.0,1,100.0,33,33.0,33.00,33.0,1.9,118.7,100.0,0,0,0.00,33.00,33.00,0,0,,2021
76,Kendrick Bourne,26,NWE,WR,17,5,,1,1,100.0,25,1,100.0,0,0.0,1,100.0,25,25.0,45.00,25.0,1.5,158.3,100.0,0,0,0.00,25.00,45.00,0,0,,2021
77,Jacob Eason,24,IND,QB,1,0,,2,5,40.0,25,0,0.0,1,20.0,2,40.0,10,5.0,-4.00,12.5,25.0,16.7,0.1,0,0,0.00,5.00,-4.00,0,0,,2021
78,Deebo Samuel,25,SFO,WR,16,15,,1,2,50.0,24,1,50.0,0,0.0,1,50.0,24,12.0,22.00,24.0,1.5,133.3,99.0,0,0,0.00,12.00,22.00,0,0,"PB,AP-1",2021
79,Chris Banjo,31,ARI,DB,16,0,,1,1,100.0,23,0,0.0,0,0.0,1,100.0,23,23.0,23.00,23.0,1.4,118.7,,0,0,0.00,23.00,23.00,0,0,,2021
80,Josh Rosen,24,ATL,QB,4,0,,2,11,18.2,19,0,0.0,2,18.2,1,18.2,14,1.7,-6.45,9.5,4.8,0.0,0.2,0,0,0.00,1.73,-6.45,0,0,,2021
81,Kadarius Toney,22,NYG,WR,10,4,,1,3,33.3,19,0,0.0,0,0.0,1,25.0,19,6.3,6.33,19.0,1.9,56.2,2.3,1,6,25.00,3.25,3.25,0,0,,2021
82,Dante Pettis,26,NYG,WR,3,0,,1,1,100.0,16,0,0.0,0,0.0,1,100.0,16,16.0,16.00,16.0,5.3,118.7,94.0,0,0,0.00,16.00,16.00,0,0,,2021
83,Courtland Sutton,26,DEN,WR,17,16,,1,1,100.0,16,0,0.0,0,0.0,1,100.0,16,16.0,16.00,16.0,0.9,118.7,100.0,0,0,0.00,16.00,16.00,0,0,,2021
84,Tommy Townsend,25,KAN,P,16,0,,1,1,100.0,16,0,0.0,0,0.0,1,100.0,16,16.0,16.00,16.0,1.0,118.7,,0,0,0.00,16.00,16.00,0,0,,2021
85,Ryan Fitzpatrick,39,WAS,QB,1,1,0-1-0,3,6,50.0,13,0,0.0,0,0.0,0,14.3,6,2.2,2.17,4.3,13.0,56.2,3.0,1,2,14.29,1.57,1.57,0,0,,2021
86,Matthias Farley,29,TEN,DB,17,0,,1,1,100.0,6,0,0.0,0,0.0,1,100.0,6,6.0,6.00,6.0,0.4,91.7,,0,0,0.00,6.00,6.00,0,0,,2021
87,Derrick Henry,27,TEN,RB,8,8,,1,1,100.0,5,1,100.0,0,0.0,1,100.0,5,5.0,25.00,5.0,0.6,127.1,80.6,0,0,0.00,5.00,25.00,0,0,,2021
88,Kellen Mond,22,MIN,QB,1,0,,2,3,66.7,5,0,0.0,0,0.0,0,33.3,6,1.7,1.67,2.5,5.0,70.1,18.2,0,0,0.00,1.67,1.67,0,0,,2021
89,John Wolford,26,LAR,QB,3,0,,1,4,25.0,5,0,0.0,1,25.0,0,,5,1.3,-10.00,5.0,1.7,0.0,0.1,1,8,20.00,-0.60,-9.60,0,0,,2021
90,Ezekiel Elliott,26,DAL,RB,17,17,,1,1,100.0,4,0,0.0,0,0.0,0,100.0,4,4.0,4.00,4.0,0.2,83.3,12.2,0,0,0.00,4.00,4.00,0,0,,2021
91,Marcus Mariota,28,LVR,QB,10,0,,1,2,50.0,4,0,0.0,0,0.0,0,50.0,4,2.0,2.00,4.0,0.4,56.2,46.2,0,0,0.00,2.00,2.00,0,0,,2021
92,Johnny Hekker,31,LAR,P,17,0,,1,1,100.0,2,0,0.0,0,0.0,0,,2,2.0,2.00,2.0,0.1,79.2,,0,0,0.00,2.00,2.00,0,0,,2021
93,Greg Ward,26,PHI,WR,17,0,,1,2,50.0,2,0,0.0,0,0.0,0,,2,1.0,1.00,2.0,0.1,56.2,0.0,0,0,0.00,1.00,1.00,0,0,,2021
94,Kendall Hinton,24,DEN,WR,16,1,,1,1,100.0,1,0,0.0,0,0.0,0,,1,1.0,1.00,1.0,0.1,79.2,100.0,0,0,0.00,1.00,1.00,0,0,,2021
95,Keenan Allen,29,LAC,WR,16,16,,0,1,0.0,0,0,0.0,0,0.0,0,,,0.0,0.00,,0.0,39.6,57.3,0,0,0.00,0.00,0.00,0,0,PB,2021
96,Danny Amendola,36,HOU,WR,8,0,,0,1,0.0,0,0,0.0,0,0.0,0,,,0.0,0.00,,0.0,39.6,4.1,0,0,0.00,0.00,0.00,0,0,,2021
97,Cole Beasley,32,BUF,WR,16,8,,0,1,0.0,0,0,0.0,0,0.0,0,,,0.0,0.00,,0.0,39.6,2.9,0,0,0.00,0.00,0.00,0,0,,2021
98,David Blough,26,DET,QB,1,0,,0,0,,0,0,,0,,0,,,,,,0.0,,0.1,1,6,100.00,-6.00,-6.00,0,0,,2021
Rk,Player,Age,Team,Pos,G,GS,QBrec,Cmp,Att,Cmp%,Yds,TD,TD%,Int,Int%,1D,Succ%,Lng,Y/A,AY/A,Y/C,Y/G,Rate,QBR,Sk,Yds,Sk%,NY/A,ANY/A,4QC,GWD,Awards,2021
99,Chris Boswell,30,PIT,K,17,0,,0,1,0.0,0,0,0.0,0,0.0,0,,,0.0,0.00,,0.0,39.6,,0,0,0.00,0.00,0.00,0,0,,2021
100,A.J. Brown,24,TEN,WR,13,13,,0,2,0.0,0,0,0.0,0,0.0,0,,,0.0,0.00,,0.0,39.6,3.0,0,0,0.00,0.00,0.00,0,0,,2021
101,Rex Burkhead,31,HOU,RB,16,5,,0,1,0.0,0,0,0.0,0,0.0,0,,,0.0,0.00,,0.0,39.6,3.0,0,0,0.00,0.00,0.00,0,0,,2021
102,Keelan Cole,28,NYJ,WR,15,11,,0,1,0.0,0,0,0.0,0,0.0,0,,,0.0,0.00,,0.0,39.6,4.4,0,0,0.00,0.00,0.00,0,0,,2021
103,Jamison Crowder,28,NYJ,WR,12,4,,0,0,,0,0,,0,,0,,,,,,0.0,,87.5,1,3,100.00,-3.00,-3.00,0,0,,2021
104,Stefon Diggs,28,BUF,WR,17,17,,0,0,,0,0,,0,,0,,,,,,0.0,,0.4,1,2,100.00,-2.00,-2.00,0,0,PB,2021
105,Riley Dixon,28,NYG,P,17,0,,0,1,0.0,0,0,0.0,0,0.0,0,,,0.0,0.00,,0.0,39.6,,0,0,0.00,0.00,0.00,0,0,,2021
106,Leonard Fournette,26,TAM,RB,14,13,,0,1,0.0,0,0,0.0,0,0.0,0,,,0.0,0.00,,0.0,39.6,33.3,0,0,0.00,0.00,0.00,0,0,,2021
107,Feleipe Franks,24,ATL,QB,9,0,,0,1,0.0,0,0,0.0,1,100.0,0,,,0.0,-45.00,,0.0,0.0,1.0,0,0,0.00,0.00,-45.00,0,0,,2021
108,Mike Gesicki,26,MIA,TE,17,9,,0,1,0.0,0,0,0.0,0,0.0,0,,,0.0,0.00,,0.0,39.6,5.3,0,0,0.00,0.00,0.00,0,0,,2021
109,Blake Gillikin,23,NOR,P,17,0,,0,1,0.0,0,0,0.0,0,0.0,0,,,0.0,0.00,,0.0,39.6,,0,0,0.00,0.00,0.00,0,0,,2021
110,Sam Koch,39,BAL,P,17,0,,0,1,0.0,0,0,0.0,0,0.0,0,,,0.0,0.00,,0.0,39.6,,0,0,0.00,0.00,0.00,0,0,,2021
111,Cooper Kupp,28,LAR,WR,17,17,,0,1,0.0,0,0,0.0,0,0.0,0,,,0.0,0.00,,0.0,39.6,12.9,0,0,0.00,0.00,0.00,0,0,"PB,AP-1,AP MVP-3,AP OPoY-1",2021
112,Jarvis Landry,29,CLE,WR,12,12,,0,0,,0,0,,0,,0,,,,,,0.0,,98.1,1,1,100.00,-1.00,-1.00,0,0,,2021
113,Ty Long,28,LAC,P,17,0,,0,1,0.0,0,0,0.0,0,0.0,0,,,0.0,0.00,,0.0,39.6,,0,0,0.00,0.00,0.00,0,0,,2021
114,David Montgomery,24,CHI,RB,13,13,,0,1,0.0,0,0,0.0,1,100.0,0,,,0.0,-45.00,,0.0,0.0,25.6,0,0,0.00,0.00,-45.00,0,0,,2021
115,Cordarrelle Patterson,30,ATL,RB,16,13,,0,1,0.0,0,0,0.0,0,0.0,0,,,0.0,0.00,,0.0,39.6,3.7,0,0,0.00,0.00,0.00,0,0,,2021
116,Brett Rypien,25,DEN,QB,1,0,,0,2,0.0,0,0,0.0,0,0.0,0,,,0.0,0.00,,0.0,39.6,1.4,0,0,0.00,0.00,0.00,0,0,,2021
117,D'Andre Swift,22,DET,RB,13,4,,0,1,0.0,0,0,0.0,0,0.0,0,,,0.0,0.00,,0.0,39.6,0.6,0,0,0.00,0.00,0.00,0,0,,2021
118,Albert Wilson,29,MIA,WR,14,5,,0,1,0.0,0,0,0.0,0,0.0,0,,,0.0,0.00,,0.0,39.6,0.1,1,1,50.00,-0.50,-0.50,0,0,,2021
119,Brandon Zylstra,28,CAR,WR,13,3,,0,1,0.0,0,0,0.0,0,0.0,0,,,0.0,0.00,,0.0,39.6,0.5,0,0,0.00,0.00,0.00,0,0,,2021
,League Average,,,,,,,,,64.8,,,4.5,,2.4,,46.4,,7.1,6.94,11.0,101.7,90.8,,,,6.23,6.22,6.07,,,,2021
1,Patrick Mahomes,27,KAN,QB,17,17,14-3-0,435,648,67.1,5250,41,6.3,12,1.9,272,54.6,67,8.1,8.53,12.1,308.8,105.2,79.0,26,188,3.86,7.51,7.93,4,4,"PB,AP-1,AP MVP-1,AP OPoY-2",2022
2,Justin Herbert,24,LAC,QB,17,17,10-7-0,477,699,68.2,4739,25,3.6,10,1.4,228,46.3,55,6.8,6.85,9.9,278.8,93.2,60.2,38,206,5.16,6.15,6.22,4,5,AP MVP-9,2022
3,Tom Brady,45,TAM,QB,17,17,8-9-0,490,733,66.8,4694,25,3.4,9,1.2,237,49.5,63,6.4,6.53,9.6,276.1,90.7,54.6,22,160,2.91,6.01,6.13,4,5,,2022
4,Kirk Cousins,34,MIN,QB,17,17,13-4-0,424,643,65.9,4547,29,4.5,14,2.2,230,46.3,66,7.1,6.99,10.7,267.5,92.5,52.3,46,329,6.68,6.12,6.05,8,8,PB,2022
5,Joe Burrow,26,CIN,QB,16,16,12-4-0,414,606,68.3,4475,35,5.8,12,2.0,222,50.1,60,7.4,7.65,10.8,279.7,100.8,60.8,41,259,6.34,6.52,6.76,3,4,"PB,AP MVP-4,AP OPoY-9",2022
6,Jared Goff,28,DET,QB,17,17,9-8-0,382,587,65.1,4438,29,4.9,7,1.2,227,50.3,81,7.6,8.01,11.6,261.1,99.3,63.3,23,156,3.77,7.02,7.45,3,3,"PB,AP CPoY-6",2022
7,Josh Allen,26,BUF,QB,16,16,13-3-0,359,567,63.3,4283,35,6.2,14,2.5,214,52.2,98,7.6,7.68,11.9,267.7,96.6,73.4,33,162,5.50,6.87,6.99,3,4,"PB,AP MVP-3,AP OPoY-8",2022
8,Geno Smith,32,SEA,QB,17,17,9-8-0,399,572,69.8,4282,30,5.2,11,1.9,206,48.2,54,7.5,7.67,10.7,251.9,100.9,62.8,46,348,7.44,6.37,6.54,2,3,"PB,AP MVP-9,AP CPoY-1",2022
9,Trevor Lawrence,23,JAX,QB,17,17,9-8-0,387,584,66.3,4113,25,4.3,8,1.4,206,48.1,59,7.0,7.28,10.6,241.9,95.2,56.1,27,184,4.42,6.43,6.66,3,2,"PB,AP MVP-7,AP CPoY-12",2022
10,Jalen Hurts,24,PHI,QB,15,15,14-1-0,306,460,66.5,3701,22,4.8,6,1.3,165,46.4,68,8.0,8.42,12.1,246.7,101.5,68.3,38,231,7.63,6.97,7.31,1,2,"PB,AP-2,AP MVP-2,AP OPoY-3",2022
11,Aaron Rodgers,39,GNB,QB,17,17,8-9-0,350,542,64.6,3695,26,4.8,12,2.2,177,45.1,58,6.8,6.78,10.6,217.4,91.1,41.3,32,258,5.57,5.99,5.95,3,4,,2022
12,Tua Tagovailoa,24,MIA,QB,13,13,8-5-0,259,400,64.8,3548,25,6.3,8,2.0,162,49.9,84,8.9,9.22,13.7,272.9,105.5,70.6,21,163,4.99,8.04,8.37,2,2,AP MVP-9,2022
13,Russell Wilson,34,DEN,QB,15,15,4-11-0,292,483,60.5,3524,16,3.3,11,2.3,142,36.2,67,7.3,6.93,12.1,234.9,84.4,38.7,55,368,10.22,5.87,5.54,3,3,,2022
14,Derek Carr,31,LVR,QB,15,15,6-9-0,305,502,60.8,3522,24,4.8,14,2.8,161,42.3,60,7.0,6.72,11.5,234.8,86.3,57.6,27,191,5.10,6.30,6.01,4,3,PB,2022
15,Daniel Jones,25,NYG,QB,16,16,9-6-1,317,472,67.2,3205,15,3.2,5,1.1,156,45.7,65,6.8,6.95,10.1,200.3,92.5,62.9,44,243,8.53,5.74,5.89,4,5,AP CPoY-11,2022
16,Davis Mills,24,HOU,QB,15,15,3-10-1,292,479,61.0,3118,17,3.5,15,3.1,135,40.0,58,6.5,5.81,10.7,207.9,78.8,35.0,31,244,6.08,5.64,4.98,2,3,,2022
17,Matt Ryan,37,IND,QB,12,12,4-7-1,309,461,67.0,3057,14,3.0,13,2.8,156,44.9,45,6.6,5.97,9.9,254.8,83.9,44.9,38,287,7.62,5.55,4.94,5,4,,2022
18,Mac Jones,24,NWE,QB,14,14,6-8-0,288,442,65.2,2997,14,3.2,11,2.5,127,41.4,48,6.8,6.29,10.4,214.1,84.8,38.4,34,231,7.14,5.81,5.36,0,0,,2022
19,Andy Dalton,35,NOR,QB,14,14,6-8-0,252,378,66.7,2871,18,4.8,9,2.4,135,48.9,64,7.6,7.48,11.4,205.1,95.2,53.1,25,189,6.20,6.66,6.54,1,1,,2022
20,Dak Prescott,29,DAL,QB,12,12,8-4-0,261,394,66.2,2860,23,5.8,15,3.8,142,51.7,68,7.3,6.71,11.0,238.3,91.1,59.9,20,126,4.83,6.60,6.08,2,2,,2022
21,Jacoby Brissett,30,CLE,QB,16,11,4-7-0,236,369,64.0,2608,12,3.3,6,1.6,129,44.5,55,7.1,6.99,11.1,163.0,88.9,62.0,24,160,6.11,6.23,6.15,2,2,,2022
22,Ryan Tannehill,34,TEN,QB,12,12,6-6-0,212,325,65.2,2536,13,4.0,6,1.8,116,45.3,69,7.8,7.77,12.0,211.3,94.6,51.2,33,238,9.22,6.42,6.39,0,0,,2022
23,Jimmy Garoppolo,31,SFO,QB,11,10,7-3-0,207,308,67.2,2437,16,5.2,4,1.3,114,53.1,57,7.9,8.37,11.8,221.5,103.0,56.3,18,100,5.52,7.17,7.60,1,1,,2022
24,Kenny Pickett,24,PIT,QB,13,12,7-5-0,245,389,63.0,2404,7,1.8,9,2.3,123,44.0,57,6.2,5.50,9.8,184.9,76.7,53.6,27,182,6.49,5.34,4.70,3,4,AP ORoY-6,2022
25,Kyler Murray,25,ARI,QB,11,11,3-8-0,259,390,66.4,2368,14,3.6,7,1.8,119,45.1,38,6.1,5.98,9.1,215.3,87.2,53.6,25,192,6.02,5.24,5.16,1,1,,2022
Rk,Player,Age,Team,Pos,G,GS,QBrec,Cmp,Att,Cmp%,Yds,TD,TD%,Int,Int%,1D,Succ%,Lng,Y/A,AY/A,Y/C,Y/G,Rate,QBR,Sk,Yds,Sk%,NY/A,ANY/A,4QC,GWD,Awards,2022
26,Justin Fields,23,CHI,QB,15,15,3-12-0,192,318,60.4,2242,17,5.3,11,3.5,91,36.7,56,7.1,6.56,11.7,149.5,85.2,56.3,55,359,14.75,5.05,4.63,1,2,AP MVP-9,2022
27,Lamar Jackson,25,BAL,QB,12,12,8-4-0,203,326,62.3,2242,17,5.2,7,2.1,105,44.6,75,6.9,6.95,11.0,186.8,91.1,61.1,26,114,7.39,6.05,6.12,1,2,,2022
28,Marcus Mariota,29,ATL,QB,13,13,5-8-0,184,300,61.3,2219,15,5.0,9,3.0,111,45.1,75,7.4,7.05,12.1,170.7,88.2,57.7,28,195,8.54,6.17,5.85,2,3,,2022
29,Baker Mayfield,27,2TM,QB,12,10,2-8-0,201,335,60.0,2163,10,3.0,8,2.4,94,38.0,75,6.5,5.98,10.8,180.3,79.0,,36,217,9.70,5.25,4.81,1,1,,2022
29,Baker Mayfield,27,CAR,QB,7,6,1-5-0,119,206,57.8,1313,6,2.9,6,2.9,49,36.0,75,6.4,5.65,11.0,187.6,74.4,,19,126,8.44,5.28,4.61,0,0,,2022
29,Baker Mayfield,27,LAR,QB,5,4,1-3-0,82,129,63.6,850,4,3.1,2,1.6,45,41.1,39,6.6,6.51,10.4,170.0,86.4,,17,91,11.64,5.20,5.13,1,1,,2022
30,Matthew Stafford,34,LAR,QB,9,9,3-6-0,206,303,68.0,2087,10,3.3,8,2.6,105,49.7,75,6.9,6.36,10.1,231.9,87.4,52.3,29,208,8.73,5.66,5.18,0,0,,2022
31,Taylor Heinicke,29,WAS,QB,9,9,5-3-1,161,259,62.2,1859,12,4.6,6,2.3,93,43.2,61,7.2,7.06,11.5,206.6,89.6,46.5,19,141,6.83,6.18,6.07,2,1,,2022
32,Carson Wentz,30,WAS,QB,8,7,2-5-0,172,276,62.3,1755,11,4.0,9,3.3,85,42.4,75,6.4,5.69,10.2,219.4,80.2,34.4,26,159,8.61,5.28,4.67,2,2,,2022
33,Zach Wilson,23,NYJ,QB,9,9,5-4-0,132,242,54.5,1688,6,2.5,7,2.9,73,37.7,79,7.0,6.17,12.8,187.6,72.8,38.5,23,175,8.68,5.71,4.97,1,2,,2022
34,Brock Purdy,23,SFO,QB,9,5,5-0-0,114,170,67.1,1374,13,7.6,4,2.4,66,50.3,54,8.1,8.55,12.1,152.7,107.3,67.5,11,84,6.08,7.13,7.57,1,1,AP ORoY-3,2022
35,Mitchell Trubisky,28,PIT,QB,7,5,2-3-0,117,180,65.0,1252,4,2.2,5,2.8,65,45.5,45,7.0,6.15,10.7,178.9,81.1,58.5,11,68,5.76,6.20,5.44,0,1,,2022
36,Mike White,27,NYJ,QB,4,4,1-3-0,103,175,58.9,1192,3,1.7,4,2.3,56,41.3,60,6.8,6.13,11.6,298.0,75.7,38.9,9,76,4.89,6.07,5.41,0,0,,2022
37,Sam Darnold,25,CAR,QB,6,6,4-2-0,82,140,58.6,1143,7,5.0,3,2.1,57,44.0,52,8.2,8.20,13.9,190.5,92.6,51.4,10,78,6.67,7.10,7.13,0,1,,2022
38,Deshaun Watson,27,CLE,QB,6,6,3-3-0,99,170,58.2,1102,7,4.1,5,2.9,53,41.6,46,6.5,5.98,11.1,183.7,79.1,40.4,20,106,10.53,5.24,4.79,0,0,,2022
39,Joe Flacco,37,NYJ,QB,5,4,1-3-0,110,191,57.6,1051,5,2.6,3,1.6,55,39.3,66,5.5,5.32,9.6,210.2,75.2,36.1,10,66,4.98,4.90,4.73,1,1,,2022
40,Cooper Rush,29,DAL,QB,9,5,4-1-0,94,162,58.0,1051,5,3.1,3,1.9,52,38.5,46,6.5,6.27,11.2,116.8,80.0,60.8,7,49,4.14,5.93,5.72,0,2,,2022
41,Jameis Winston,28,NOR,QB,3,3,1-2-0,73,115,63.5,858,4,3.5,5,4.3,35,43.7,51,7.5,6.20,11.8,286.0,79.5,34.7,11,74,8.73,6.22,5.07,1,1,,2022
42,Bailey Zappe,23,NWE,QB,4,2,2-0-0,65,92,70.7,781,5,5.4,3,3.3,37,50.0,53,8.5,8.11,12.0,195.3,100.9,36.4,6,40,6.12,7.56,7.20,0,0,,2022
43,Colt McCoy,36,ARI,QB,4,3,1-2-0,90,132,68.2,780,1,0.8,3,2.3,34,39.3,47,5.9,5.04,8.7,195.0,76.6,39.3,13,97,8.97,4.71,3.92,0,0,,2022
44,P.J. Walker,27,CAR,QB,6,5,2-3-0,63,106,59.4,731,3,2.8,3,2.8,30,35.4,62,6.9,6.19,11.6,121.8,78.0,25.1,7,46,6.19,6.06,5.40,0,0,,2022
45,Desmond Ridder,23,ATL,QB,4,4,2-2-0,73,115,63.5,708,2,1.7,0,0.0,37,43.5,40,6.2,6.50,9.7,177.0,86.4,52.0,9,33,7.26,5.44,5.77,1,1,,2022
46,Teddy Bridgewater,30,MIA,QB,5,2,0-2-0,49,79,62.0,683,4,5.1,4,5.1,32,45.3,64,8.6,7.38,13.9,136.6,85.6,49.5,7,45,8.14,7.42,6.26,0,0,,2022
47,Gardner Minshew II,26,PHI,QB,5,2,0-2-0,44,76,57.9,663,3,3.9,3,3.9,30,43.9,78,8.7,7.74,15.1,132.6,83.4,41.6,6,28,7.32,7.74,6.83,0,0,,2022
48,Tyler Huntley,24,BAL,QB,6,4,2-2-0,75,112,67.0,658,2,1.8,3,2.7,31,42.9,40,5.9,5.03,8.8,109.7,77.2,43.0,7,34,5.88,5.24,4.45,1,1,PB,2022
Rk,Player,Age,Team,Pos,G,GS,QBrec,Cmp,Att,Cmp%,Yds,TD,TD%,Int,Int%,1D,Succ%,Lng,Y/A,AY/A,Y/C,Y/G,Rate,QBR,Sk,Yds,Sk%,NY/A,ANY/A,4QC,GWD,Awards,2022
49,Jarrett Stidham,26,LVR,QB,5,2,0-2-0,53,83,63.9,656,4,4.8,3,3.6,32,43.3,60,7.9,7.24,12.4,131.2,89.2,59.7,7,47,7.78,6.77,6.16,0,0,,2022
50,Sam Ehlinger,24,IND,QB,4,3,0-3-0,64,101,63.4,573,3,3.0,3,3.0,28,40.9,47,5.7,4.93,9.0,143.3,76.1,33.8,14,87,12.17,4.23,3.57,0,0,,2022
51,Skylar Thompson,25,MIA,QB,7,2,1-1-0,60,105,57.1,534,1,1.0,3,2.9,26,36.0,32,5.1,3.99,8.9,76.3,62.2,28.7,6,40,5.41,4.45,3.41,0,1,,2022
52,Brett Rypien,26,DEN,QB,4,2,1-1-0,53,88,60.2,483,2,2.3,4,4.5,24,41.7,45,5.5,3.90,9.1,120.8,63.8,25.8,8,47,8.33,4.54,3.08,0,0,,2022
53,Kyle Allen,26,HOU,QB,2,2,0-2-0,46,78,59.0,416,2,2.6,4,5.1,19,33.7,39,5.3,3.54,9.0,208.0,60.6,3.7,5,41,6.02,4.52,2.83,0,0,,2022
54,Trace McSorley,27,ARI,QB,6,1,0-1-0,45,83,54.2,412,0,0.0,5,6.0,17,29.1,47,5.0,2.25,9.2,68.7,42.8,10.6,3,27,3.49,4.48,1.86,0,0,,2022
55,Joshua Dobbs,27,TEN,QB,2,2,0-2-0,40,68,58.8,411,2,2.9,2,2.9,25,39.2,39,6.0,5.31,10.3,205.5,73.8,52.8,6,26,8.11,5.20,4.53,0,0,,2022
56,David Blough,27,ARI,QB,2,2,0-2-0,38,58,65.5,402,2,3.4,2,3.4,18,36.5,77,6.9,6.07,10.6,201.0,82.7,29.8,5,24,7.94,6.00,5.21,0,0,,2022
57,John Wolford,27,LAR,QB,3,3,1-2-0,38,62,61.3,390,1,1.6,3,4.8,19,43.5,30,6.3,4.44,10.3,130.0,64.6,24.2,7,49,10.14,4.94,3.28,0,0,,2022
58,Anthony Brown,24,BAL,QB,2,1,0-1-0,22,49,44.9,302,0,0.0,2,4.1,13,31.5,47,6.2,4.33,13.7,151.0,48.2,,5,14,9.26,5.33,3.67,0,0,,2022
59,Malik Willis,23,TEN,QB,8,3,1-2-0,31,61,50.8,276,0,0.0,3,4.9,11,29.6,48,4.5,2.31,8.9,34.5,42.8,13.3,10,49,14.08,3.20,1.30,0,0,,2022
60,Taysom Hill,32,NOR,TE/QB,16,8,,13,19,68.4,240,2,10.5,0,0.0,11,57.1,68,12.6,14.74,18.5,15.0,146.3,79.7,2,14,9.52,10.76,12.67,0,0,,2022
61,Nick Foles,33,IND,QB,3,2,0-2-0,25,42,59.5,224,0,0.0,4,9.5,9,30.0,49,5.3,1.05,9.0,74.7,34.3,8.0,8,48,16.00,3.52,-0.08,0,0,,2022
62,Nick Mullens,27,MIN,QB,4,0,,21,25,84.0,224,1,4.0,1,4.0,11,76.0,37,9.0,7.96,10.7,56.0,100.7,58.3,0,0,0.00,8.96,7.96,0,0,,2022
63,Jordan Love,24,GNB,QB,4,0,,14,21,66.7,195,1,4.8,0,0.0,9,57.1,63,9.3,10.24,13.9,48.8,112.2,83.2,0,0,0.00,9.29,10.24,0,0,,2022
64,Trey Lance,22,SFO,QB,2,2,1-1-0,15,31,48.4,194,0,0.0,1,3.2,6,33.3,44,6.3,4.81,12.9,97.0,55.0,36.9,2,9,6.06,5.61,4.24,0,0,,2022
65,Trevor Siemian,31,CHI,QB,2,1,0-1-0,15,26,57.7,184,1,3.8,1,3.8,7,39.3,33,7.1,6.12,12.3,92.0,76.4,27.9,2,14,7.14,6.07,5.18,0,0,,2022
66,Sam Howell,22,WAS,QB,1,1,1-0-0,11,19,57.9,169,1,5.3,1,5.3,6,27.3,52,8.9,7.58,15.4,169.0,83.0,48.3,3,11,13.64,7.18,6.05,0,0,,2022
67,Davis Webb,27,NYG,QB,1,1,0-1-0,23,40,57.5,168,1,2.5,0,0.0,11,35.0,25,4.2,4.70,7.3,168.0,75.8,76.9,0,0,0.00,4.20,4.70,0,0,,2022
68,Bryce Perkins,26,LAR,QB,5,1,0-1-0,19,34,55.9,161,1,2.9,2,5.9,10,32.5,20,4.7,2.68,8.5,32.2,53.7,28.7,6,50,15.00,2.78,1.03,0,0,,2022
69,Nathan Peterman,28,CHI,QB,3,1,0-1-0,14,25,56.0,139,1,4.0,1,4.0,9,38.5,28,5.6,4.56,9.9,46.3,68.6,41.9,1,6,3.85,5.12,4.15,0,0,,2022
70,Jeff Driskel,29,HOU,QB,7,2,0-1-0,14,20,70.0,108,1,5.0,0,0.0,5,40.9,28,5.4,6.40,7.7,15.4,99.6,20.9,2,13,9.09,4.32,5.23,0,0,,2022
71,Chris Streveler,27,NYJ,QB,2,1,,10,15,66.7,90,0,0.0,0,0.0,5,53.3,30,6.0,6.00,9.0,45.0,82.6,73.9,0,0,0.00,6.00,6.00,0,0,,2022
72,Jacob Eason,25,CAR,QB,1,0,,3,5,60.0,59,0,0.0,1,20.0,2,60.0,49,11.8,2.80,19.7,59.0,61.7,0.9,0,0,0.00,11.80,2.80,0,0,,2022
73,Tyrod Taylor,33,NYG,QB,3,0,,6,8,75.0,58,1,12.5,1,12.5,3,45.5,19,7.3,4.13,9.7,19.3,94.8,11.6,3,18,27.27,3.64,1.36,0,0,,2022
Rk,Player,Age,Team,Pos,G,GS,QBrec,Cmp,Att,Cmp%,Yds,TD,TD%,Int,Int%,1D,Succ%,Lng,Y/A,AY/A,Y/C,Y/G,Rate,QBR,Sk,Yds,Sk%,NY/A,ANY/A,4QC,GWD,Awards,2022
74,Chase Daniel,36,LAC,QB,4,0,,8,12,66.7,52,1,8.3,0,0.0,4,46.2,13,4.3,6.00,6.5,13.0,103.5,59.9,1,1,7.69,3.92,5.46,0,0,,2022
75,Brian Hoyer,37,NWE,QB,1,1,0-1-0,5,6,83.3,37,0,0.0,0,0.0,2,42.9,27,6.2,6.17,7.4,37.0,92.4,28.4,1,8,14.29,4.14,4.14,0,0,,2022
76,C.J. Beathard,29,JAX,QB,4,0,,7,11,63.6,35,0,0.0,1,9.1,2,33.3,11,3.2,-0.91,5.0,8.8,30.5,22.9,1,5,8.33,2.50,-1.25,0,0,,2022
77,Justin Jefferson,23,MIN,WR,17,17,,2,2,100.0,34,0,0.0,0,0.0,2,100.0,23,17.0,17.00,17.0,2.0,118.7,95.2,0,0,0.00,17.00,17.00,0,0,"PB,AP-1,AP MVP-5,AP OPoY-1",2022
78,Christian McCaffrey,26,SFO,RB,11,10,,1,1,100.0,34,1,100.0,0,0.0,1,100.0,34,34.0,54.00,34.0,3.1,158.3,,0,0,0.00,34.00,54.00,0,0,"PB,AP OPoY-7,AP CPoY-2",2022
79,Tim Boyle,28,CHI,QB,1,0,,2,8,25.0,33,0,0.0,2,25.0,2,25.0,17,4.1,-7.13,16.5,33.0,4.7,1.2,0,0,0.00,4.13,-7.13,0,0,,2022
80,Blaine Gabbert,33,TAM,QB,1,0,,6,8,75.0,29,1,12.5,0,0.0,2,37.5,13,3.6,6.13,4.8,29.0,119.3,59.9,0,0,0.00,3.63,6.13,0,0,,2022
81,Tyler Boyd,28,CIN,WR,16,14,,1,1,100.0,23,0,0.0,0,0.0,1,50.0,23,23.0,23.00,23.0,1.4,118.7,14.3,1,12,50.00,5.50,5.50,0,0,,2022
82,Kyle Trask,24,TAM,QB,1,0,,3,9,33.3,23,0,0.0,0,0.0,1,22.2,9,2.6,2.56,7.7,23.0,42.4,1.7,0,0,0.00,2.56,2.56,0,0,,2022
83,Brandon Allen,30,CIN,QB,1,0,,3,3,100.0,22,0,0.0,0,0.0,1,25.0,13,7.3,7.33,7.3,22.0,97.2,46.5,1,0,25.00,5.50,5.50,0,0,,2022
84,Riley Dixon,29,LAR,P,17,0,,2,2,100.0,18,0,0.0,0,0.0,2,100.0,12,9.0,9.00,9.0,1.1,104.2,,0,0,0.00,9.00,9.00,0,0,,2022
85,Braden Mann,25,NYJ,P,17,0,,1,2,50.0,17,0,0.0,0,0.0,1,50.0,17,8.5,8.50,17.0,1.0,79.2,0.0,0,0,0.00,8.50,8.50,0,0,,2022
86,Ryan Wright,22,MIN,P,17,0,,1,2,50.0,13,0,0.0,0,0.0,1,50.0,13,6.5,6.50,13.0,0.8,70.8,,0,0,0.00,6.50,6.50,0,0,,2022
87,Josh Johnson,36,SFO,QB,2,0,,1,2,50.0,10,0,0.0,0,0.0,1,50.0,10,5.0,5.00,10.0,5.0,64.6,21.9,0,0,0.00,5.00,5.00,0,0,,2022
88,Case Keenum,34,BUF,QB,2,0,,2,7,28.6,8,0,0.0,0,0.0,0,,5,1.1,1.14,4.0,4.0,39.6,4.7,0,0,0.00,1.14,1.14,0,0,,2022
89,Jack Fox,26,DET,P,17,0,,1,1,100.0,6,0,0.0,0,0.0,1,100.0,6,6.0,6.00,6.0,0.4,91.7,,0,0,0.00,6.00,6.00,0,0,,2022
90,Najee Harris,24,PIT,RB,17,17,,1,1,100.0,4,0,0.0,0,0.0,0,100.0,4,4.0,4.00,4.0,0.2,83.3,10.8,0,0,0.00,4.00,4.00,0,0,,2022
91,Derrick Henry,28,TEN,RB,16,16,,2,2,100.0,4,1,50.0,0,0.0,1,50.0,3,2.0,12.00,2.0,0.3,118.7,45.2,0,0,0.00,2.00,12.00,0,0,"PB,AP MVP-9,AP OPoY-12,AP CPoY-9",2022
92,Mack Hollins,29,LVR,WR,17,16,,1,1,100.0,4,0,0.0,0,0.0,0,,4,4.0,4.00,4.0,0.2,83.3,23.6,0,0,0.00,4.00,4.00,0,0,,2022
93,Andy Lee,40,ARI,P,17,0,,1,1,100.0,4,0,0.0,0,0.0,1,100.0,4,4.0,4.00,4.0,0.2,83.3,,0,0,0.00,4.00,4.00,0,0,,2022
94,Braxton Berrios,27,NYJ,WR,17,2,,1,1,100.0,2,1,100.0,0,0.0,1,100.0,2,2.0,22.00,2.0,0.1,118.7,99.6,0,0,0.00,2.00,22.00,0,0,,2022
95,Chase Claypool,24,PIT,WR,8,8,,1,1,100.0,1,1,100.0,0,0.0,1,100.0,1,1.0,21.00,1.0,0.1,118.7,,0,0,0.00,1.00,21.00,0,0,,2022
96,Davante Adams,30,LVR,WR,17,17,,0,0,,0,0,,0,,0,,,,,,0.0,,0.0,1,10,100.00,-10.00,-10.00,0,0,"PB,AP-1",2022
97,Rex Burkhead,32,HOU,RB,16,0,,0,1,0.0,0,0,0.0,0,0.0,0,,,0.0,0.00,,0.0,39.6,3.2,0,0,0.00,0.00,0.00,0,0,,2022
98,Lawrence Cager,25,NYG,WR,6,3,,0,0,,0,0,,0,,0,,,,,,0.0,,,1,2,100.00,-2.00,-2.00,0,0,,2022
Rk,Player,Age,Team,Pos,G,GS,QBrec,Cmp,Att,Cmp%,Yds,TD,TD%,Int,Int%,1D,Succ%,Lng,Y/A,AY/A,Y/C,Y/G,Rate,QBR,Sk,Yds,Sk%,NY/A,ANY/A,4QC,GWD,Awards,2022
99,Ja'Marr Chase,22,CIN,WR,12,12,,0,0,,0,0,,0,,0,,,,,,0.0,,0.0,1,9,100.00,-9.00,-9.00,0,0,PB,2022
100,Dalvin Cook,27,MIN,RB,17,17,,0,0,,0,0,,0,,0,,,,,,0.0,,0.0,1,5,100.00,-5.00,-5.00,0,0,PB,2022
101,Amari Cooper,28,CLE,WR,17,17,,0,1,0.0,0,0,0.0,1,100.0,0,,,0.0,-45.00,,0.0,0.0,0.0,0,0,0.00,0.00,-45.00,0,0,,2022
102,DeeJay Dallas,24,SEA,RB,15,0,,0,1,0.0,0,0,0.0,1,100.0,0,,,0.0,-45.00,,0.0,0.0,0.0,0,0,0.00,0.00,-45.00,0,0,,2022
103,Phillip Dorsett,29,HOU,WR,15,4,,0,1,0.0,0,0,0.0,0,0.0,0,,,0.0,0.00,,0.0,39.6,2.7,0,0,0.00,0.00,0.00,0,0,,2022
104,Leonard Fournette,27,TAM,RB,16,9,,0,1,0.0,0,0,0.0,1,100.0,0,,,0.0,-45.00,,0.0,0.0,0.0,0,0,0.00,0.00,-45.00,0,0,,2022
105,Jamie Gillan,25,NYG,P,17,0,,0,0,,0,0,,0,,0,,,,,,0.0,,,1,11,100.00,-11.00,-11.00,0,0,,2022
106,Chad Henne,37,KAN,QB,3,0,,0,2,0.0,0,0,0.0,0,0.0,0,,,0.0,0.00,,0.0,39.6,3.8,0,0,0.00,0.00,0.00,0,0,,2022
107,Christian Kirk,26,JAX,WR,17,17,,0,1,0.0,0,0,0.0,0,0.0,0,,,0.0,0.00,,0.0,39.6,10.7,0,0,0.00,0.00,0.00,0,0,,2022
108,Cooper Kupp,29,LAR,WR,9,9,,0,1,0.0,0,0,0.0,0,0.0,0,,,0.0,0.00,,0.0,39.6,3.3,0,0,0.00,0.00,0.00,0,0,,2022
109,James Proche,26,BAL,WR,15,0,,0,1,0.0,0,0,0.0,1,100.0,0,,,0.0,-45.00,,0.0,0.0,0.0,0,0,0.00,0.00,-45.00,0,0,,2022
110,Nate Sudfeld,29,DET,QB,2,0,,0,0,,0,0,,0,,0,,,,,,0.0,,0.7,1,7,100.00,-7.00,-7.00,0,0,,2022
111,Tommy Townsend,26,KAN,P,17,0,,0,1,0.0,0,0,0.0,0,0.0,0,,,0.0,0.00,,0.0,39.6,,0,0,0.00,0.00,0.00,0,0,"PB,AP-1",2022
112,Cedrick Wilson Jr.,27,MIA,WR,15,0,,0,0,,0,0,,0,,0,,,,,,0.0,,0.2,1,6,100.00,-6.00,-6.00,0,0,,2022
113,Garrett Wilson,22,NYJ,WR,17,12,,0,1,0.0,0,0,0.0,0,0.0,0,,,0.0,0.00,,0.0,39.6,0.8,0,0,0.00,0.00,0.00,0,0,AP ORoY-1,2022
,League Average,,,,,,,,,64.2,,,4.2,,2.3,,45.2,,7.0,6.82,10.9,115.0,89.1,,,,6.70,6.12,5.92,,,,2022
