Player,Rk,year,G,GS,Cmp,Cmp%,Att,Yds,TD,TD%,Int,Int%,Lng,Sk,Sk%,Yds_Sk,4QC,GWD,Y/A,AY/A,Y/C,Y/G,NY/A,ANY/A,Rate,Pro-Bowl,All-Pro,Rush_Yds,Rush_Att,Rush_TD,Rush_Lng,Rush_Y/A,Rush_Y/G
Benny Friedman,2,1932,18,15,65,0.42,154,913,10,0.06,17,0.11,0,0,0.0,0,0,0,5.93,2.26,14.05,60.87,0.0,2.26,37.61,0,0,427,143,0,0,2.99,23.72
John Doehring,1,1932,7,0,10,0.38,26,203,2,0.08,1,0.04,0,0,0.0,0,0,0,7.81,7.62,20.3,206.21796909492272,0.0,7.62,76.28,0,0,28,36,1,0,0.78,4.0
Walt Holmer,1,1932,10,4,25,0.32,78,449,2,0.03,1,0.01,0,0,0.0,0,0,0,5.76,5.69,17.96,112.25,0.0,5.69,55.98,0,0,230,65,1,0,3.54,23.0
Arnie Herber,10,1932,108,48,459,0.41,1120,7705,75,0.07,102,0.09,92,0,0.0,0,2,2,6.88,4.12,16.79,160.52,0.0,4.12,49.27,1,1,117,244,2,1,0.48,1.08
Keith Molesworth,4,1932,50,30,70,0.37,189,1294,13,0.07,15,0.08,0,0,0.0,0,0,0,6.85,4.65,18.49,43.13,0.0,4.65,51.33,0,0,776,268,7,0,2.9,15.52
Jack Grossman,1,1932,12,9,11,0.34,32,178,0,0.0,3,0.09,0,0,0.0,0,0,0,5.56,1.34,16.18,19.78,0.0,1.34,14.84,0,0,323,129,2,0,2.5,26.92
Glenn Presnell,2,1932,23,16,67,0.39,171,1033,8,0.05,16,0.09,0,0,0.0,0,0,0,6.04,2.77,15.42,64.56,0.0,2.77,36.51,0,1,754,186,7,0,4.05,32.78
Dutch Clark,3,1932,35,25,78,0.45,173,1122,6,0.03,17,0.1,0,0,0.0,0,0,0,6.49,2.76,14.38,44.88,0.0,2.76,37.3,0,3,1852,383,18,0,4.84,52.91
Harry Newman,2,1933,24,22,88,0.38,229,1364,12,0.05,29,0.13,0,0,0.0,0,0,0,5.96,1.31,15.5,62.0,0.0,1.31,23.63,0,0,920,271,6,0,3.39,38.33
Tony Holm,1,1933,9,9,17,0.33,52,406,2,0.04,13,0.25,0,0,0.0,0,1,0,7.81,-2.67,23.88,45.11,0.0,-2.67,-29.49,0,0,160,58,0,0,2.76,17.78
Bob Monnett,6,1933,62,36,158,0.47,336,2227,28,0.08,26,0.08,0,0,0.0,0,0,0,6.63,4.81,14.09,61.86,0.0,4.81,64.42,0,0,1488,510,7,0,2.92,24.0
Red Kirkman,1,1933,9,8,22,0.3,73,354,2,0.03,13,0.18,0,0,0.0,0,0,0,4.85,-2.62,16.09,44.25,0.0,-2.62,-17.67,0,0,43,22,0,0,1.95,4.78
Chris Cagle,2,1933,20,10,45,0.34,134,681,5,0.04,17,0.13,0,0,0.0,0,0,0,5.08,0.12,15.13,68.1,0.0,0.12,10.82,0,0,186,71,0,0,2.62,9.3
Joe Lillard,1,1933,11,7,18,0.27,67,269,2,0.03,16,0.24,0,0,0.0,0,0,0,4.01,-6.13,14.94,38.43,0.0,-6.13,-48.35,0,0,373,119,1,0,3.13,33.91
Harp Vaughan,1,1934,11,7,19,0.45,42,262,2,0.05,5,0.12,62,0,0.0,0,0,0,6.24,1.83,13.79,37.43,0.0,1.83,32.04,0,0,196,58,0,0,3.38,17.82
Carl Brumbaugh,1,1934,13,12,8,0.23,35,232,2,0.06,2,0.06,0,0,0.0,0,0,0,6.63,5.2,29.0,19.33,0.0,5.2,43.99,0,0,-9,7,0,0,-1.29,-0.69
Ed Danowski,5,1934,54,31,255,0.5,512,3201,32,0.06,35,0.07,0,0,0.0,0,0,0,6.25,4.43,12.55,103.26,0.0,4.43,61.99,1,2,1152,410,4,32,2.81,21.33
Warren Heller,1,1934,12,12,31,0.28,112,511,2,0.02,15,0.13,0,0,0.0,0,0,0,4.56,-1.11,16.48,42.58,0.0,-1.11,-5.69,0,0,528,132,1,0,4.0,44.0
Ed Matesic,3,1934,34,33,99,0.38,262,1412,8,0.03,34,0.13,0,0,0.0,0,0,2,5.39,0.16,14.26,42.79,0.0,0.16,12.13,0,0,377,159,1,0,2.37,11.09
Ed Storm,1,1935,11,3,15,0.34,44,372,3,0.07,10,0.23,0,0,0.0,0,0,0,8.45,-0.41,24.8,124.0,0.0,-0.41,-6.25,0,0,164,84,0,0,1.95,14.91
Bernie Masterson,5,1935,56,35,144,0.38,383,3115,31,0.08,35,0.09,0,0,0.0,0,0,0,8.13,5.64,21.63,89.0,0.0,5.64,56.21,0,0,-73,94,5,0,-0.78,-1.3
Johnny Gildea,1,1935,12,10,28,0.27,105,529,2,0.02,20,0.19,0,0,0.0,0,0,0,5.04,-3.15,18.89,52.9,0.0,-3.15,-27.72,0,0,1,49,0,0,0.02,0.08
Phil Sarboe,1,1935,12,5,31,0.46,67,368,0,0.0,10,0.15,0,0,0.0,0,0,0,5.49,-1.22,11.87,73.6,0.0,-1.22,1.34,0,0,129,38,0,0,3.39,10.75
Eddie Britt,1,1936,10,5,18,0.41,44,294,3,0.07,5,0.11,0,0,0.0,0,0,0,6.68,2.93,16.33,58.8,0.0,2.93,39.39,0,0,180,72,0,0,2.5,18.0
Pug Vaughan,1,1936,12,1,30,0.38,79,546,2,0.03,10,0.13,0,0,0.0,0,0,0,6.91,1.72,18.2,546.0,0.0,1.72,18.22,0,0,79,67,0,0,1.18,6.58
Dave Smukler,3,1936,32,29,105,0.36,288,1301,15,0.05,28,0.1,0,0,0.0,0,0,0,4.52,1.18,12.39,44.86,0.0,1.18,28.14,0,0,881,287,2,0,3.07,27.53
Tuffy Leemans,4,1936,41,22,116,0.44,264,1648,19,0.07,20,0.08,50,0,0.0,0,1,1,6.24,4.27,14.21,74.91,0.0,4.27,57.13,1,0,1337,394,9,26,3.39,32.61
Pat Coffee,1,1937,9,4,52,0.44,119,824,4,0.03,11,0.09,97,0,0.0,0,0,0,6.92,3.44,15.85,206.0,0.0,3.44,40.04,0,0,157,55,1,0,2.85,17.44
Sammy Baugh,14,1937,148,70,1606,0.57,2808,20630,178,0.06,185,0.07,86,0,0.0,0,5,14,7.35,5.65,12.85,294.71,0.0,5.65,74.04,5,4,329,312,9,41,1.05,2.22
Bob Snyder,2,1937,20,12,61,0.4,153,1009,9,0.06,15,0.1,0,0,0.0,0,1,1,6.59,3.36,16.54,84.08,0.0,3.36,41.54,0,0,310,126,1,0,2.46,15.5
George Grosvenor,1,1937,11,7,21,0.42,50,325,3,0.06,7,0.14,0,0,0.0,0,0,1,6.5,1.4,15.48,46.43,0.0,1.4,25.83,0,0,461,143,2,0,3.22,41.91
Ace Parker,5,1937,48,44,263,0.45,579,3812,22,0.04,42,0.07,66,0,0.0,0,0,0,6.58,4.08,14.49,86.64,0.0,4.08,49.81,0,2,1157,405,10,60,2.86,24.1
Bill Hartman,1,1938,10,4,38,0.49,77,558,4,0.05,10,0.13,62,0,0.0,0,0,0,7.25,2.44,14.68,139.5,0.0,2.44,36.61,0,0,195,71,0,0,2.75,19.5
Jack Robbins,1,1938,9,3,52,0.54,97,577,2,0.02,9,0.09,0,0,0.0,0,0,0,5.95,2.19,11.1,192.33,0.0,2.19,39.76,0,0,213,63,0,0,3.38,23.67
Cecil Isbell,5,1938,54,24,411,0.5,818,5945,61,0.07,52,0.06,73,0,0.0,0,3,3,7.27,5.9,14.46,247.71,0.0,5.9,72.61,4,1,1522,422,10,32,3.61,28.19
Parker Hall,4,1939,42,34,329,0.46,721,4013,30,0.04,67,0.09,59,0,0.0,0,1,0,5.57,2.22,12.2,118.03,0.0,2.22,38.45,1,1,1052,312,6,60,3.37,25.05
Dwight Sloan,1,1939,10,1,45,0.44,102,658,2,0.02,3,0.03,0,0,0.0,0,0,0,6.45,5.52,14.62,658.0,0.0,5.52,60.01,0,0,225,79,4,0,2.85,22.5
Davey O'Brien,2,1939,22,19,223,0.47,478,2614,11,0.02,34,0.07,85,0,0.0,0,1,2,5.47,2.73,11.72,137.58,0.0,2.73,41.78,1,0,-194,208,2,0,-0.93,-8.82
Sid Luckman,10,1939,106,59,869,0.52,1657,14306,135,0.08,127,0.08,86,0,0.0,0,4,5,8.63,6.81,16.46,242.47,0.0,6.81,76.98,3,5,-244,199,4,40,-1.23,-2.3
Frank Filchock,3,1939,32,19,226,0.56,405,3495,36,0.09,41,0.1,99,0,0.0,0,0,0,8.63,5.85,15.46,183.95,0.0,5.85,71.99,1,0,750,234,3,70,3.21,23.44
Hugh McCullough,1,1940,11,7,43,0.37,116,529,4,0.03,21,0.18,41,0,0.0,0,0,0,4.56,-2.9,12.3,75.57,0.0,-2.9,-11.96,0,0,278,57,3,0,4.88,25.27
Foster Watkins,1,1940,9,0,28,0.33,85,565,1,0.01,3,0.04,0,0,0.0,0,0,0,6.65,5.29,20.18,206.21796909492272,0.0,5.29,46.45,0,0,-76,14,0,0,-5.43,-8.44
Billy Patterson,1,1940,11,9,34,0.29,117,529,3,0.03,15,0.13,0,0,0.0,0,1,1,4.52,-0.74,15.56,58.78,0.0,-0.74,0.27,0,0,171,87,0,0,1.97,15.55
Johnny Clement,2,1941,19,8,100,0.45,223,1694,10,0.04,16,0.07,76,0,0.0,0,2,2,7.6,5.26,16.94,211.75,0.0,5.26,56.16,0,0,764,190,5,43,4.02,40.21
Young Bussey,1,1941,10,0,13,0.32,40,353,5,0.12,3,0.08,48,0,0.0,0,0,0,8.82,7.95,27.15,206.21796909492272,0.0,7.95,76.35,1,0,-27,13,0,16,-2.08,-2.7
Tommy Thompson,7,1941,80,44,708,0.52,1368,10094,90,0.07,98,0.07,75,0,0.0,0,3,6,7.38,5.47,14.26,229.41,0.0,5.47,68.04,1,0,-1,245,6,22,-0.0,-0.01
Ray Mallouf,2,1941,21,10,121,0.51,239,1885,15,0.06,10,0.04,80,0,0.0,0,1,1,7.89,7.26,15.58,188.5,0.0,7.26,80.62,0,0,121,56,1,15,2.16,5.76
Jack Jacobs,2,1942,20,11,151,0.45,335,2255,22,0.07,23,0.07,69,0,0.0,0,1,1,6.73,4.96,14.93,205.0,0.0,4.96,60.98,0,0,33,50,1,15,0.66,1.65
Bud Schwenk,1,1942,11,9,126,0.43,295,1360,6,0.02,27,0.09,69,0,0.0,0,0,0,4.61,0.9,10.79,151.11,0.0,0.9,25.53,0,0,313,111,2,28,2.82,28.45
Dean McAdams,1,1942,11,10,35,0.39,89,441,2,0.02,15,0.17,56,0,0.0,0,0,0,4.96,-2.18,12.6,44.1,0.0,-2.18,-7.23,0,0,314,110,0,25,2.85,28.55
Charlie O'Rourke,1,1942,11,1,37,0.42,88,951,11,0.12,16,0.18,68,0,0.0,0,0,0,10.81,5.12,25.7,951.0,0.0,5.12,48.06,0,0,-17,18,1,17,-0.94,-1.55
Roy Zimmerman,5,1943,53,41,247,0.43,573,4086,37,0.06,52,0.09,75,0,0.0,0,2,1,7.13,4.34,16.54,99.66,0.0,4.34,51.43,0,0,-65,124,6,12,-0.52,-1.23
Frankie Sinkwich,2,1943,20,13,108,0.39,274,1759,19,0.07,40,0.15,67,0,0.0,0,1,1,6.42,1.24,16.29,135.31,0.0,1.24,23.97,0,1,829,243,7,72,3.41,41.45
Emery Nix,1,1943,10,6,24,0.45,53,396,3,0.06,3,0.06,56,0,0.0,0,0,0,7.47,6.06,16.5,66.0,0.0,6.06,66.23,0,0,26,19,0,25,1.37,2.6
Irv Comp,3,1943,28,17,170,0.45,375,2686,26,0.07,36,0.1,79,0,0.0,0,0,1,7.16,4.23,15.8,158.0,0.0,4.23,52.82,0,0,408,186,6,28,2.19,14.57
Chuck Fenenbock,2,1943,20,8,65,0.39,168,1092,10,0.06,20,0.12,72,0,0.0,0,0,0,6.5,2.33,16.8,136.5,0.0,2.33,31.65,0,0,323,118,1,37,2.74,16.15
Ronnie Cahill,1,1943,10,2,50,0.46,109,608,3,0.03,21,0.19,67,0,0.0,0,0,0,5.58,-2.54,12.16,304.0,0.0,-2.54,-7.55,0,0,-11,62,0,25,-0.18,-1.1
Tony Canadeo,1,1943,10,8,56,0.43,129,875,9,0.07,12,0.09,51,0,0.0,0,0,1,6.78,3.99,15.62,109.38,0.0,3.99,51.02,0,1,489,94,3,35,5.2,48.9
George Cafego,1,1944,9,5,35,0.48,73,454,3,0.04,7,0.1,50,0,0.0,0,0,0,6.22,2.73,12.97,90.8,0.0,2.73,41.7,0,0,31,61,1,17,0.51,3.44
John Grigas,1,1944,9,9,50,0.38,131,690,6,0.05,21,0.16,72,0,0.0,0,0,0,5.27,-1.03,13.8,76.67,0.0,-1.03,4.31,0,0,610,185,3,29,3.3,67.78
Albie Reisz,1,1944,10,2,49,0.43,113,777,8,0.07,10,0.09,70,0,0.0,0,1,1,6.88,4.31,15.86,388.5,0.0,4.31,53.6,0,0,134,69,2,46,1.94,13.4
Paul Christman,4,1945,43,21,402,0.45,900,6009,46,0.05,65,0.07,82,0,0.0,0,3,3,6.68,4.45,14.95,286.14,0.0,4.45,54.07,0,0,-50,70,6,22,-0.71,-1.16
Bob Waterfield,7,1945,79,51,763,0.51,1508,11194,94,0.06,117,0.08,91,0,0.0,0,6,5,7.42,5.18,14.67,219.49,0.0,5.18,63.63,2,3,35,66,12,25,0.53,0.44
Roy McKay,1,1945,10,1,32,0.36,89,520,5,0.06,9,0.1,59,0,0.0,0,0,0,5.84,2.42,16.25,520.0,0.0,2.42,32.98,0,0,231,71,2,41,3.25,23.1
Marion Pugh,1,1945,5,2,27,0.47,58,390,3,0.05,3,0.05,47,0,0.0,0,0,0,6.72,5.43,14.44,195.0,0.0,5.43,64.58,0,0,-52,24,0,8,-2.17,-10.4
Bill Dudley,1,1946,11,11,32,0.36,90,452,2,0.02,9,0.1,37,0,0.0,0,1,0,5.02,0.97,14.12,41.09,0.0,0.97,18.38,0,0,604,146,2,41,4.14,54.91
Paul Governali,1,1946,11,1,83,0.43,192,1293,13,0.07,10,0.05,62,0,0.0,0,1,0,6.73,5.74,15.58,1293.0,0.0,5.74,67.04,0,0,-186,33,2,4,-5.64,-16.91
Dave Ryan,1,1946,11,6,73,0.47,154,965,6,0.04,17,0.11,88,0,0.0,0,0,0,6.27,2.08,13.22,160.83,0.0,2.08,34.69,0,0,65,71,1,27,0.92,5.91
Boley Dancewicz,1,1947,12,1,66,0.39,169,1203,11,0.07,18,0.11,69,0,0.0,0,2,3,7.12,3.63,18.23,1203.0,0.0,3.63,41.61,0,0,145,47,1,41,3.09,12.08
Clyde LeForce,2,1947,21,4,144,0.52,276,2296,22,0.08,28,0.1,83,0,0.0,0,0,0,8.32,5.35,15.94,574.0,0.0,5.35,64.52,0,0,229,46,0,32,4.98,10.9
Charlie Conerly,12,1948,136,94,1308,0.5,2593,17900,158,0.06,152,0.06,85,0,0.0,0,12,16,6.9,5.48,13.69,190.43,0.0,5.48,68.77,2,0,668,243,10,40,2.75,4.91
Ray Evans,1,1948,9,8,64,0.47,137,924,5,0.04,17,0.12,66,0,0.0,0,0,0,6.74,1.89,14.44,115.5,0.0,1.89,29.58,0,0,343,99,2,24,3.46,38.11
Fred Enke,2,1948,20,18,171,0.44,390,2382,19,0.05,32,0.08,55,0,0.0,0,0,0,6.11,3.39,13.93,132.33,0.0,3.39,46.12,0,0,456,102,0,41,4.47,22.8
Jim Hardy,2,1948,23,11,229,0.49,468,3026,31,0.07,31,0.07,69,0,0.0,0,1,2,6.47,4.81,13.21,275.09,0.0,4.81,64.28,1,0,28,15,1,19,1.87,1.22
Bobby Layne,12,1949,144,127,1578,0.49,3205,22821,168,0.05,213,0.07,97,24,0.01,245,17,17,7.12,5.18,14.46,179.69,0.01,5.06,62.56,5,2,2206,550,21,36,4.01,15.32
Frank Tripucka,1,1949,6,4,62,0.43,145,833,9,0.06,14,0.1,64,0,0.0,0,1,2,5.74,2.64,13.44,208.25,0.0,2.64,42.11,0,0,36,12,1,18,3.0,6.0
Johnny Lujack,3,1949,36,29,368,0.5,742,5684,35,0.05,51,0.07,81,0,0.0,0,0,1,7.66,5.51,15.45,196.0,0.0,5.51,62.42,2,1,632,118,20,40,5.36,17.56
Harry Gilmer,1,1949,12,3,49,0.37,132,869,4,0.03,15,0.11,61,0,0.0,0,0,0,6.58,2.08,17.73,289.67,0.0,2.08,23.2,0,0,167,31,0,25,5.39,13.92
Jug Girard,1,1949,12,10,62,0.35,175,881,4,0.02,12,0.07,50,0,0.0,0,0,0,5.03,2.41,14.21,88.1,0.0,2.41,31.63,0,0,198,45,1,35,4.4,16.5
Y.A. Tittle,13,1950,158,128,1986,0.56,3576,26837,200,0.06,209,0.06,78,80,0.02,701,21,20,7.5,5.99,13.51,209.66,0.02,5.67,73.92,7,3,920,268,32,45,3.43,5.82
George Ratterman,1,1950,12,12,140,0.48,294,2251,22,0.07,24,0.08,69,0,0.0,0,1,1,7.66,5.48,16.08,187.58,0.0,5.48,64.6,0,0,0,11,3,3,0.0,0.0
Frankie Albert,3,1950,36,30,316,0.53,601,3847,27,0.04,43,0.07,60,0,0.0,0,1,2,6.4,4.08,12.17,128.23,0.0,4.08,57.73,1,0,505,110,7,42,4.59,14.03
Norm Van Brocklin,11,1950,132,101,1521,0.54,2837,23010,167,0.06,176,0.06,91,10,0.0,96,17,16,8.11,6.5,15.13,227.82,0.0,6.44,74.33,9,1,41,98,11,16,0.42,0.31
Otto Graham,6,1950,72,71,872,0.56,1565,13499,88,0.06,94,0.06,81,0,0.0,0,9,8,8.63,7.05,15.48,190.13,0.0,7.05,78.17,5,4,682,306,33,36,2.23,9.47
Tobin Rote,9,1950,108,89,1020,0.45,2288,14283,114,0.05,139,0.06,96,0,0.0,0,6,6,6.24,4.51,14.0,160.48,0.0,4.51,56.54,1,0,2922,566,33,55,5.16,27.06
Bob Celeri,1,1951,11,8,102,0.43,238,1797,12,0.05,15,0.06,75,0,0.0,0,3,1,7.55,5.72,17.62,224.62,0.0,5.72,59.8,0,0,107,36,0,17,2.97,9.73
Bobby Thomason,6,1951,67,36,635,0.51,1242,8800,64,0.05,79,0.06,75,0,0.0,0,4,5,7.09,5.25,13.86,244.44,0.0,5.25,64.89,3,0,228,79,3,23,2.89,3.4
Adrian Burk,3,1951,36,28,325,0.48,677,4428,46,0.07,57,0.08,84,0,0.0,0,3,2,6.54,4.11,13.62,158.14,0.0,4.11,56.91,2,0,162,79,3,30,2.05,4.5
Charley Trippi,2,1951,23,17,172,0.46,372,2081,13,0.03,26,0.07,80,0,0.0,0,2,2,5.59,3.15,12.1,122.41,0.0,3.15,46.45,1,0,851,150,8,59,5.67,37.0
Jim Finks,4,1952,47,45,618,0.48,1278,8064,52,0.04,78,0.06,78,0,0.0,0,6,7,6.31,4.38,13.05,179.2,0.0,4.38,56.8,1,0,130,79,11,20,1.65,2.77
Eddie LeBaron,8,1952,97,72,723,0.49,1467,10991,82,0.06,119,0.08,82,37,0.02,319,12,12,7.49,4.96,15.2,152.65,0.02,4.63,59.2,3,0,640,183,9,32,3.5,6.6
Babe Parilli,1,1952,12,4,77,0.44,177,1416,13,0.07,17,0.1,90,0,0.0,0,0,0,8.0,5.15,18.39,354.0,0.0,5.15,56.13,0,0,106,32,1,19,3.31,8.83
Jim Root,1,1953,11,6,80,0.42,192,1149,8,0.04,11,0.06,77,0,0.0,0,0,0,5.98,4.24,14.36,191.5,0.0,4.24,51.76,0,0,12,26,1,19,0.46,1.09
George Blanda,2,1953,20,19,300,0.47,643,4093,29,0.05,40,0.06,76,0,0.0,0,5,5,6.37,4.47,13.64,215.42,0.0,4.47,56.6,0,0,103,43,0,19,2.4,5.15
Lamar McHan,4,1954,48,39,355,0.44,805,5493,39,0.05,58,0.07,83,0,0.0,0,3,4,6.82,4.55,15.47,140.85,0.0,4.55,53.39,0,0,460,134,9,32,3.43,9.58
Gary Kerkorian,1,1954,10,10,117,0.54,217,1515,9,0.04,12,0.06,78,0,0.0,0,1,1,6.98,5.32,12.95,151.5,0.0,5.32,66.89,0,0,36,22,1,11,1.64,3.6
George Shaw,2,1955,21,17,195,0.5,392,2849,21,0.05,32,0.08,82,3,0.01,38,1,1,7.27,4.67,14.61,167.59,0.01,4.53,57.66,0,0,289,83,3,37,3.48,13.76
Ed Brown,8,1955,100,88,840,0.48,1765,13645,89,0.05,115,0.07,91,90,0.05,819,10,8,7.73,5.81,16.24,155.06,0.05,5.08,63.62,2,0,917,239,14,48,3.84,9.17
Billy Wade,8,1956,99,82,1269,0.55,2307,17306,120,0.05,126,0.05,98,121,0.05,1045,10,11,7.5,6.08,13.64,211.05,0.05,5.35,73.76,2,0,1078,273,23,66,3.95,10.89
Ted Marchibroda,1,1956,12,11,124,0.45,275,1585,12,0.04,19,0.07,75,0,0.0,0,0,0,5.76,3.53,12.78,144.09,0.0,3.53,49.43,0,0,152,39,2,26,3.9,12.67
Johnny Unitas,15,1956,188,176,2693,0.55,4902,38687,282,0.06,233,0.05,89,276,0.05,2143,34,37,7.89,6.9,14.37,219.81,0.05,6.12,80.12,10,5,1773,438,13,34,4.05,9.43
Al Dorow,1,1956,12,7,55,0.49,112,730,8,0.07,8,0.07,51,0,0.0,0,1,1,6.52,4.73,13.27,104.29,0.0,4.73,64.21,1,0,105,30,0,30,3.5,8.75
Tommy O'Connell,1,1957,11,9,63,0.57,110,1229,9,0.08,8,0.07,65,0,0.0,0,1,1,11.17,9.54,19.51,136.56,0.0,9.54,93.33,1,0,-5,14,1,7,-0.36,-0.45
Bart Starr,13,1957,171,146,1682,0.58,2903,23232,147,0.05,120,0.04,91,282,0.09,2481,18,17,8.0,7.16,13.81,159.12,0.09,5.74,83.37,4,1,1149,214,13,39,5.37,6.72
Earl Morrall,7,1957,94,72,882,0.52,1690,13548,106,0.06,80,0.05,89,105,0.06,828,5,3,8.02,7.14,15.36,188.17,0.06,6.26,80.16,2,2,448,144,5,35,3.11,4.77
Milt Plum,7,1958,90,84,1062,0.55,1927,14653,109,0.06,88,0.05,92,91,0.05,1085,7,8,7.6,6.68,13.8,174.44,0.05,5.84,79.52,2,0,321,161,13,45,1.99,3.57
M.C. Reynolds,1,1958,11,6,105,0.54,195,1422,11,0.06,11,0.06,91,0,0.0,0,0,0,7.29,5.88,13.54,237.0,0.0,5.88,72.64,0,0,252,48,0,50,5.25,22.91
John Brodie,13,1958,175,147,2328,0.55,4235,29762,198,0.05,202,0.05,83,196,0.04,1752,19,20,7.03,5.82,12.78,202.46,0.04,5.16,72.88,2,1,1090,218,21,38,5.0,6.23
King Hill,2,1959,25,16,173,0.47,367,2228,17,0.05,30,0.08,31,10,0.03,114,0,0,6.07,3.32,12.88,139.25,0.03,2.93,48.04,0,0,166,42,5,29,3.95,6.64
Ralph Guglielmi,1,1960,11,11,125,0.56,223,1547,9,0.04,19,0.09,50,12,0.05,320,2,0,6.94,3.91,12.38,140.64,0.05,2.35,55.65,0,0,247,79,0,16,3.13,22.45
John Roach,1,1960,12,10,87,0.46,188,1423,17,0.09,19,0.1,57,10,0.05,121,2,1,7.57,4.83,16.36,142.3,0.05,3.97,60.22,0,0,39,19,1,19,2.05,3.25
Jim Ninowski,2,1960,24,18,251,0.47,530,3520,9,0.02,36,0.07,84,46,0.08,495,0,1,6.64,3.92,14.02,195.56,0.08,2.75,46.58,0,0,319,65,10,40,4.91,13.29
Sonny Jurgensen,11,1961,146,134,2219,0.57,3889,29275,236,0.06,168,0.04,99,270,0.06,2236,15,12,7.53,6.8,13.19,218.47,0.06,5.82,83.23,5,1,459,156,13,33,2.94,3.14
Sam Etcheverry,1,1961,14,9,96,0.49,196,1275,14,0.07,11,0.06,78,39,0.17,300,2,3,6.51,5.41,13.28,141.67,0.17,3.23,70.43,0,0,73,33,0,44,2.21,5.21
Rudy Bukich,3,1961,39,34,412,0.53,777,5752,41,0.05,46,0.06,88,71,0.08,618,4,2,7.4,5.79,13.96,169.18,0.08,4.58,70.04,0,0,51,60,7,24,0.85,1.31
Zeke Bratkowski,2,1961,26,20,234,0.52,449,3088,17,0.04,29,0.06,84,37,0.08,343,1,1,6.88,4.73,13.2,154.4,0.08,3.66,59.88,0,0,50,19,3,16,2.63,1.92
Norm Snead,13,1961,160,150,2120,0.52,4077,29105,190,0.05,239,0.06,94,330,0.07,2577,13,16,7.14,5.43,13.73,194.03,0.07,4.44,66.27,4,0,487,199,22,21,2.45,3.04
Fran Tarkenton,18,1961,246,239,3686,0.57,6467,47003,342,0.05,266,0.04,89,572,0.08,5226,29,33,7.27,6.47,12.75,196.67,0.08,5.21,80.35,9,1,3674,675,32,52,5.44,14.93
Frank Ryan,6,1962,77,73,876,0.52,1689,12722,127,0.08,82,0.05,83,152,0.08,1285,8,6,7.53,6.85,14.52,174.27,0.08,5.59,81.52,3,0,968,218,4,39,4.44,12.57
Charley Johnson,10,1962,121,112,1580,0.52,3047,22254,160,0.05,156,0.05,86,232,0.07,1962,15,14,7.3,6.05,14.08,198.7,0.07,5.02,71.9,1,0,522,178,10,19,2.93,4.31
Don Meredith,7,1962,90,78,1047,0.51,2058,15757,124,0.06,95,0.05,95,235,0.1,1709,8,8,7.66,6.78,15.05,202.01,0.1,5.34,77.23,3,0,1036,217,14,26,4.77,11.51
Roman Gabriel,11,1963,146,139,2114,0.53,3986,25726,176,0.04,135,0.03,93,297,0.07,2252,15,15,6.45,5.81,12.17,185.08,0.07,4.88,73.78,4,1,1125,302,27,39,3.73,7.71
Bill Munson,5,1964,54,48,694,0.53,1298,8548,51,0.04,52,0.04,95,148,0.1,1096,5,6,6.59,5.57,12.32,178.08,0.1,4.24,70.48,0,0,489,98,3,38,4.99,9.06
Bill Nelsen,5,1965,66,62,796,0.51,1553,11501,79,0.05,85,0.05,87,100,0.06,900,5,7,7.41,5.96,14.45,185.5,0.06,5.06,69.8,1,0,81,64,2,21,1.27,1.23
Randy Johnson,4,1966,45,37,443,0.48,916,5586,31,0.03,60,0.07,82,99,0.1,834,0,0,6.1,3.83,12.61,150.97,0.1,2.63,51.78,0,0,407,74,7,26,5.5,9.04
Ron Smith,1,1966,9,8,79,0.44,181,1249,8,0.04,12,0.07,84,41,0.18,320,0,1,6.9,4.8,15.81,156.12,0.18,2.47,54.32,0,0,-9,4,0,2,-2.25,-1.0
Gary Wood,1,1966,14,6,81,0.48,170,1142,6,0.04,13,0.08,58,24,0.12,222,0,0,6.72,3.98,14.1,190.33,0.12,2.35,49.68,0,0,196,28,3,28,7.0,14.0
Karl Sweetan,1,1966,10,8,157,0.51,309,1809,4,0.01,14,0.05,99,24,0.07,225,1,0,5.85,4.07,11.52,226.12,0.07,3.11,54.25,0,0,219,34,1,34,6.44,21.9
Joe Kapp,3,1967,40,38,351,0.5,699,4807,37,0.05,47,0.07,85,82,0.1,685,4,4,6.88,4.91,13.7,126.5,0.1,3.52,62.21,1,0,540,99,5,27,5.45,13.5
Jim Hart,14,1967,183,174,2457,0.51,4815,32962,199,0.04,234,0.05,80,261,0.05,2131,19,21,6.85,5.49,13.42,189.44,0.05,4.78,66.66,4,0,184,142,16,23,1.3,1.01
Kent Nix,1,1967,12,9,136,0.51,268,1587,8,0.03,19,0.07,66,8,0.03,84,0,0,5.92,3.33,11.67,176.33,0.03,2.93,49.46,0,0,45,15,2,15,3.0,3.75
Jack Concannon,2,1967,27,25,286,0.5,571,3390,22,0.04,32,0.06,93,43,0.07,374,0,0,5.94,4.19,11.85,135.6,0.07,3.28,58.05,0,0,415,109,5,31,3.81,15.37
Gary Cuozzo,2,1967,25,22,262,0.51,517,3282,14,0.03,22,0.04,72,56,0.1,397,1,1,6.35,4.97,12.53,149.18,0.1,3.8,62.06,0,0,104,36,1,15,2.89,4.16
Billy Kilmer,11,1967,126,111,1522,0.53,2861,19526,146,0.05,134,0.05,96,198,0.06,1488,14,16,6.82,5.74,12.83,175.91,0.06,4.88,72.35,1,0,385,133,6,31,2.89,3.06
Bob Berry,5,1968,54,50,598,0.57,1049,8489,57,0.05,56,0.05,88,175,0.14,1262,4,5,8.09,6.78,14.2,169.78,0.14,4.78,79.18,1,0,384,102,4,45,3.76,7.11
Dick Shiner,2,1968,25,20,245,0.48,513,3278,25,0.05,27,0.05,63,57,0.1,397,1,1,6.39,5.0,13.38,163.9,0.1,3.8,62.82,0,0,108,28,1,18,3.86,4.32
Craig Morton,11,1969,144,129,1755,0.55,3206,23891,152,0.05,149,0.05,95,357,0.1,2684,11,19,7.45,6.31,13.61,185.2,0.1,4.92,75.19,0,0,510,181,10,15,2.82,3.54
Don Horn,1,1969,9,5,89,0.53,168,1505,11,0.07,11,0.07,60,10,0.06,85,0,0,8.96,7.32,16.91,301.0,0.06,6.43,78.1,0,0,-7,3,1,2,-2.33,-0.78
Joe Namath,6,1970,63,58,782,0.5,1553,11033,68,0.04,105,0.07,91,89,0.05,859,5,5,7.1,4.94,14.11,190.22,0.05,4.15,60.07,1,0,17,28,1,6,0.61,0.27
Len Dawson,4,1970,56,45,621,0.56,1103,7788,48,0.04,52,0.05,84,117,0.1,1034,6,6,7.06,5.81,12.54,173.07,0.1,4.4,73.28,1,0,173,49,0,21,3.53,3.09
John Hadl,5,1970,70,67,911,0.52,1739,12015,86,0.05,98,0.06,77,129,0.07,1069,6,5,6.91,5.36,13.19,179.33,0.07,4.42,67.53,2,1,414,102,3,37,4.06,5.91
Edd Hargett,2,1970,24,8,174,0.45,385,2324,11,0.03,10,0.03,49,19,0.05,145,2,1,6.04,5.44,13.36,290.5,0.05,4.82,63.6,0,0,31,13,1,11,2.38,1.29
Al Woodall,2,1970,19,15,197,0.51,389,2493,18,0.05,17,0.04,67,48,0.11,349,0,0,6.41,5.37,12.65,166.2,0.11,3.98,68.2,0,0,178,41,0,27,4.34,9.37
Virgil Carter,2,1970,23,21,281,0.56,500,3271,19,0.04,16,0.03,90,34,0.06,276,0,0,6.54,5.86,11.64,155.76,0.06,4.97,75.51,0,0,288,42,2,73,6.86,12.52
Daryle Lamonica,3,1970,42,40,446,0.51,879,6231,56,0.06,43,0.05,70,47,0.05,435,7,7,7.09,6.16,13.97,155.78,0.05,5.38,74.76,2,0,73,22,0,14,3.32,1.74
Dennis Shaw,3,1970,41,37,463,0.53,870,5986,35,0.04,63,0.07,75,112,0.11,983,6,5,6.88,4.43,12.93,161.78,0.11,2.92,58.34,0,0,430,88,0,20,4.89,10.49
Terry Bradshaw,12,1970,159,150,1953,0.52,3745,27127,203,0.05,202,0.05,90,297,0.07,2590,15,23,7.24,5.9,13.89,180.85,0.07,4.83,71.32,3,1,2030,409,30,39,4.96,12.77
Bob Griese,9,1970,116,111,1339,0.58,2294,17491,136,0.06,114,0.05,86,218,0.09,1895,8,12,7.62,6.57,13.06,157.58,0.09,5.25,81.55,6,2,494,157,4,26,3.15,4.26
Pete Liske,2,1970,25,19,255,0.5,507,3297,18,0.04,26,0.05,74,41,0.07,362,1,1,6.5,4.91,12.93,173.53,0.07,3.88,61.56,0,0,71,20,2,14,3.55,2.84
Dan Pastorini,9,1971,125,107,1426,0.52,2768,16864,96,0.03,139,0.05,85,222,0.07,1977,13,18,6.09,4.53,11.83,157.61,0.07,3.53,61.04,1,0,656,204,8,27,3.22,5.25
Roger Staubach,8,1971,113,110,1609,0.57,2809,21639,150,0.05,97,0.03,91,274,0.09,1859,13,21,7.7,7.22,13.45,196.72,0.09,5.97,85.33,6,0,1938,362,19,33,5.35,17.15
Scott Hunter,3,1971,34,31,231,0.45,513,3360,15,0.03,29,0.06,77,35,0.06,255,2,5,6.55,4.59,14.55,108.39,0.06,3.83,53.09,0,0,157,71,10,18,2.21,4.62
Bobby Douglass,4,1971,50,39,350,0.43,810,4755,23,0.03,42,0.05,85,115,0.12,814,3,3,5.87,4.1,13.59,121.92,0.12,2.71,50.41,0,0,1869,295,18,57,6.34,37.38
Greg Landry,5,1971,69,63,843,0.56,1517,10785,72,0.05,60,0.04,82,185,0.11,1406,5,5,7.11,6.28,12.79,171.19,0.11,4.77,77.36,1,0,1502,256,13,52,5.87,21.77
Jim Plunkett,10,1971,128,123,1627,0.52,3114,21901,147,0.05,168,0.05,99,317,0.09,2793,16,20,7.03,5.55,13.46,178.06,0.09,4.22,68.18,0,0,1248,283,11,37,4.41,9.75
Archie Manning,9,1971,121,118,1714,0.55,3096,20284,110,0.04,143,0.05,85,317,0.09,2458,11,12,6.55,5.18,11.83,171.9,0.09,3.98,68.11,2,0,2030,355,18,27,5.72,16.78
Steve Ramsey,3,1971,32,24,340,0.5,681,4613,25,0.04,40,0.06,71,75,0.1,553,1,4,6.77,4.86,13.57,192.21,0.1,3.65,59.68,0,0,95,22,0,17,4.32,2.97
John Reaves,1,1972,11,7,108,0.48,224,1508,7,0.03,12,0.05,77,38,0.15,322,0,0,6.73,4.95,13.96,215.43,0.15,3.0,58.41,0,0,109,18,1,16,6.06,9.91
Mike Phipps,5,1972,68,57,705,0.49,1428,8381,44,0.03,80,0.06,80,143,0.09,1231,12,12,5.87,3.96,11.89,147.04,0.09,2.82,54.61,0,0,1051,204,11,27,5.15,15.46
Marty Domres,3,1972,37,24,285,0.5,566,3348,20,0.04,31,0.05,66,42,0.07,312,2,2,5.92,4.16,11.75,139.5,0.07,3.36,57.65,0,0,408,84,5,21,4.86,11.03
Steve Spurrier,3,1972,38,27,405,0.51,787,4762,30,0.04,35,0.04,81,57,0.07,461,2,1,6.05,4.81,11.76,176.37,0.07,3.94,64.36,0,0,190,38,0,15,5.0,5.0
Ken Anderson,12,1972,157,154,2389,0.6,4014,29942,183,0.05,141,0.04,94,348,0.08,2522,10,14,7.46,6.79,12.53,194.43,0.08,5.67,83.32,4,1,1973,358,19,29,5.51,12.57
Ken Stabler,11,1973,150,144,2167,0.6,3594,26755,187,0.05,209,0.06,88,264,0.07,2362,16,22,7.44,5.87,12.35,185.8,0.07,4.85,76.46,4,1,42,106,2,13,0.4,0.28
Joe Ferguson,12,1973,164,163,2188,0.53,4166,27590,181,0.04,190,0.05,92,292,0.07,2529,19,23,6.62,5.44,12.61,169.26,0.07,4.52,68.92,0,0,1174,339,10,41,3.46,7.16
Dan Fouts,14,1973,177,167,3228,0.59,5495,42171,250,0.05,236,0.04,81,309,0.05,2227,20,22,7.67,6.65,13.06,252.52,0.05,5.91,80.28,6,2,463,218,13,32,2.12,2.62
Bob Lee,2,1973,21,19,198,0.49,402,2638,13,0.03,22,0.05,57,59,0.13,525,1,3,6.56,4.75,13.32,138.84,0.13,3.0,58.45,0,0,166,48,1,17,3.46,7.9
Joe Gilliam,1,1974,9,6,96,0.45,212,1274,4,0.02,8,0.04,61,7,0.03,79,1,1,6.01,4.69,13.27,212.33,0.03,4.18,55.42,0,0,41,14,1,13,2.93,4.56
Gary Huff,1,1974,13,11,142,0.5,283,1663,6,0.02,17,0.06,73,24,0.08,260,0,0,5.88,3.6,11.71,151.18,0.08,2.47,50.42,0,0,37,23,2,11,1.61,2.85
James Harris,4,1974,40,36,463,0.54,852,6392,38,0.04,38,0.04,80,59,0.06,538,6,8,7.5,6.39,13.81,177.56,0.06,5.38,74.91,1,0,246,82,10,20,3.0,6.15
Tom Owen,1,1974,10,7,88,0.48,184,1327,10,0.05,15,0.08,68,25,0.12,202,0,0,7.21,4.63,15.08,189.57,0.12,3.11,56.14,0,0,36,16,1,7,2.25,3.6
Bert Jones,6,1974,83,80,1269,0.57,2222,16111,111,0.05,81,0.04,90,194,0.08,1683,5,8,7.25,6.61,12.7,201.39,0.08,5.38,81.35,1,1,1220,199,13,39,6.13,14.7
Steve Grogan,9,1975,112,104,1424,0.52,2752,20593,138,0.05,166,0.06,76,193,0.07,1576,10,13,7.48,5.77,14.46,198.01,0.07,4.86,67.96,0,0,2026,370,28,41,5.48,18.09
Steve Bartkowski,8,1975,105,104,1681,0.57,2963,21259,142,0.05,118,0.04,86,280,0.09,2268,18,19,7.17,6.34,12.65,204.41,0.09,5.09,78.64,2,0,224,141,10,18,1.59,2.13
Joe Reed,1,1975,10,8,86,0.45,191,1181,9,0.05,10,0.05,65,14,0.07,119,0,1,6.18,4.77,13.73,147.62,0.07,3.86,59.26,0,0,193,34,1,22,5.68,19.3
Mike Livingston,4,1975,48,46,579,0.53,1086,7323,34,0.03,47,0.04,69,96,0.08,871,5,5,6.74,5.42,12.65,159.2,0.08,4.24,67.01,0,0,284,86,5,28,3.3,5.92
Mike Boryla,1,1976,11,10,123,0.5,246,1247,9,0.04,14,0.06,48,29,0.11,235,1,1,5.07,3.24,10.14,124.7,0.11,2.04,53.35,0,0,166,29,2,22,5.72,15.09
Bobby Scott,1,1976,11,8,103,0.54,190,1065,4,0.02,6,0.03,60,24,0.11,162,1,1,5.61,4.61,10.34,133.12,0.11,3.33,64.47,0,0,48,12,1,13,4.0,4.36
Bob Avellini,3,1976,41,40,413,0.5,828,5302,24,0.03,49,0.06,75,73,0.08,633,4,6,6.4,4.32,12.84,132.55,0.08,3.27,55.33,0,0,221,89,4,21,2.48,5.39
Lynn Dickey,8,1976,100,98,1532,0.56,2712,20582,128,0.05,147,0.05,95,253,0.09,2051,11,16,7.59,6.09,13.43,210.02,0.09,4.88,73.93,0,0,85,124,9,13,0.69,0.85
Brian Sipe,8,1976,108,105,1840,0.57,3243,22683,152,0.05,139,0.04,74,201,0.06,1709,16,21,6.99,6.0,12.33,216.03,0.06,5.16,76.27,1,1,658,198,7,35,3.32,6.09
Jim Zorn,7,1976,94,92,1483,0.54,2768,18876,100,0.04,124,0.04,82,191,0.06,1418,9,11,6.82,5.53,12.73,205.17,0.06,4.69,68.52,0,0,1423,271,16,41,5.25,15.14
Richard Todd,7,1977,99,97,1469,0.55,2666,18700,112,0.04,135,0.05,87,219,0.08,1762,8,12,7.01,5.58,12.73,192.78,0.08,4.54,70.13,0,0,807,217,13,31,3.72,8.15
Ron Jaworski,10,1977,142,137,2088,0.53,3918,26963,175,0.04,151,0.04,99,344,0.08,2656,15,20,6.88,6.04,12.91,196.81,0.08,4.93,74.0,1,0,772,232,12,44,3.33,5.44
Pat Haden,4,1977,51,47,652,0.54,1217,8215,44,0.04,52,0.04,68,98,0.07,772,4,7,6.75,5.55,12.6,174.79,0.07,4.55,69.1,1,0,513,96,2,24,5.34,10.06
Joe Theismann,9,1977,130,119,1946,0.57,3406,23929,150,0.04,125,0.04,84,314,0.08,2556,18,21,7.03,6.25,12.3,201.08,0.08,5.04,78.36,2,1,1672,332,15,37,5.04,12.86
Joe Pisarcik,2,1977,28,23,246,0.45,542,3442,16,0.03,37,0.07,82,60,0.1,467,0,0,6.35,3.87,13.99,149.65,0.1,2.71,47.76,0,0,125,44,3,14,2.84,4.46
Gary Danielson,4,1978,55,46,795,0.58,1375,9936,58,0.04,57,0.04,87,129,0.09,1055,3,6,7.23,6.2,12.5,216.0,0.09,4.97,77.16,0,0,635,134,5,40,4.74,11.55
Matt Robinson,1,1978,16,11,124,0.47,266,2002,13,0.05,16,0.06,77,28,0.1,228,1,1,7.53,5.8,16.15,182.0,0.1,4.47,63.52,0,0,23,28,0,15,0.82,1.44
Bill Troup,1,1978,12,11,154,0.52,296,1882,10,0.03,21,0.07,67,32,0.1,340,1,0,6.36,3.84,12.22,171.09,0.1,2.43,53.63,0,0,25,18,1,10,1.39,2.08
David Whitehurst,2,1978,29,29,347,0.53,650,4340,20,0.03,35,0.05,78,67,0.09,514,1,1,6.68,4.87,12.51,149.66,0.09,3.7,62.21,0,0,140,46,5,18,3.04,4.83
Doug Williams,6,1978,78,77,1108,0.49,2270,15257,88,0.04,85,0.04,84,75,0.03,671,16,18,6.72,5.81,13.77,198.14,0.03,5.34,68.08,0,0,879,212,14,29,4.15,11.27
Steve DeBerg,11,1978,144,124,2399,0.57,4194,28431,163,0.04,164,0.04,93,223,0.05,1864,14,18,6.78,5.8,11.85,229.28,0.05,5.08,74.66,0,0,142,165,5,15,0.86,0.99
Tommy Kramer,7,1979,91,91,1721,0.55,3103,21128,135,0.04,129,0.04,76,207,0.06,1320,13,16,6.81,5.81,12.28,232.18,0.06,5.05,73.85,1,0,454,159,6,20,2.86,4.99
Steve Fuller,2,1979,30,25,339,0.57,590,3734,16,0.03,26,0.04,77,86,0.13,592,3,5,6.33,4.89,11.01,149.36,0.13,3.39,67.01,0,0,538,110,5,49,4.89,17.93
Phil Simms,11,1979,152,151,2404,0.55,4356,31427,186,0.04,149,0.03,80,450,0.09,3237,11,16,7.21,6.53,13.07,208.13,0.09,5.24,78.12,2,0,1193,334,5,28,3.57,7.85
Jeff Komlo,1,1979,16,14,183,0.5,368,2238,11,0.03,23,0.06,40,40,0.1,361,1,1,6.08,3.87,12.23,159.86,0.1,2.6,52.79,0,0,107,30,2,16,3.57,6.69
Vince Evans,2,1980,29,26,343,0.48,714,4393,22,0.03,36,0.05,89,49,0.06,378,1,2,6.15,4.5,12.81,168.96,0.06,3.72,57.01,0,0,524,103,11,58,5.09,18.07
Joe Montana,13,1980,175,163,3381,0.63,5347,40329,270,0.05,139,0.03,96,312,0.06,2087,26,28,7.54,7.38,11.93,247.42,0.06,6.61,92.2,8,3,1626,451,20,21,3.61,9.29
Danny White,7,1980,96,85,1581,0.6,2652,19798,139,0.05,118,0.04,80,218,0.08,1852,10,12,7.47,6.51,12.52,232.92,0.08,5.37,81.8,1,0,419,138,7,48,3.04,4.36
David Woodley,3,1980,37,35,465,0.53,872,5400,31,0.04,38,0.04,69,51,0.06,400,2,4,6.19,4.94,11.61,154.29,0.06,4.24,66.02,0,0,693,154,9,29,4.5,18.73
Vince Ferragamo,4,1980,49,45,781,0.57,1364,9761,66,0.05,68,0.05,85,70,0.05,569,4,4,7.16,5.88,12.5,216.91,0.05,5.2,74.97,0,0,69,49,3,15,1.41,1.41
Bill Kenney,7,1981,87,69,1235,0.55,2247,16186,100,0.04,79,0.04,84,177,0.07,1337,3,5,7.2,6.51,13.11,234.58,0.07,5.48,78.08,1,0,179,113,5,21,1.58,2.06
Eric Hipple,4,1981,64,51,759,0.55,1377,9806,52,0.04,62,0.05,94,134,0.09,978,3,3,7.12,5.85,12.92,192.27,0.09,4.68,71.52,0,0,474,130,12,27,3.65,7.41
Marc Wilson,6,1981,92,53,939,0.52,1807,12486,75,0.04,91,0.05,92,190,0.1,1364,7,10,6.91,5.47,13.3,235.58,0.1,4.27,67.03,0,0,444,120,5,18,3.7,4.83
Matt Cavanaugh,1,1981,16,8,115,0.53,219,1633,5,0.02,13,0.06,65,24,0.1,165,0,0,7.46,5.24,14.2,204.12,0.1,4.05,59.79,0,0,92,17,3,11,5.41,5.75
Jim McMahon,7,1982,78,71,1161,0.58,1988,14055,79,0.04,68,0.03,87,189,0.09,1122,10,13,7.07,6.33,12.11,197.96,0.09,5.26,79.2,1,0,1044,232,9,32,4.5,13.38
Gifford Nielsen,1,1982,9,4,87,0.54,161,1005,6,0.04,8,0.05,46,12,0.07,92,1,1,6.24,4.75,11.55,251.25,0.07,3.89,64.84,0,0,37,9,0,9,4.11,4.11
Scott Brunner,2,1982,25,21,351,0.51,684,4533,19,0.03,31,0.05,62,48,0.07,348,2,3,6.63,5.14,12.91,215.86,0.07,4.33,62.84,0,0,91,45,1,12,2.02,3.64
Paul McDonald,2,1982,25,19,344,0.54,642,4465,19,0.03,31,0.05,64,66,0.09,440,2,4,6.95,5.37,12.98,235.0,0.09,4.25,65.46,0,0,-9,29,1,10,-0.31,-0.36
Neil Lomax,7,1982,94,94,1698,0.58,2917,21196,132,0.05,80,0.03,93,330,0.1,2414,11,11,7.27,6.94,12.48,225.49,0.1,5.49,84.53,2,0,865,203,8,35,4.26,9.2
Mike Pagel,3,1982,40,38,473,0.5,942,6048,31,0.03,39,0.04,80,81,0.08,587,5,5,6.42,5.22,12.79,159.16,0.08,4.23,64.4,0,0,683,98,3,33,6.97,17.08
John Elway,16,1983,234,231,4123,0.57,7250,51475,300,0.04,226,0.03,86,516,0.07,3785,31,40,7.1,6.52,12.48,222.84,0.07,5.6,79.86,9,0,3407,774,33,31,4.4,14.56
Ed Luther,1,1983,16,6,151,0.53,287,1875,7,0.02,17,0.06,46,13,0.04,120,0,2,6.53,4.36,12.42,312.5,0.04,3.77,56.6,0,0,-14,9,0,8,-1.56,-0.88
Jack Thompson,1,1983,14,13,249,0.59,423,2906,18,0.04,21,0.05,80,39,0.08,289,0,0,6.87,5.49,11.67,223.54,0.08,4.4,73.26,0,0,27,26,0,10,1.04,1.93
Dan Marino,16,1983,237,235,4876,0.59,8208,60143,412,0.05,249,0.03,85,263,0.03,1888,32,46,7.33,6.97,12.33,255.93,0.03,6.53,86.21,9,3,91,292,8,15,0.31,0.38
Cliff Stoudt,1,1983,16,15,197,0.52,381,2553,12,0.03,21,0.06,52,51,0.12,339,2,2,6.7,4.85,12.96,170.2,0.12,3.49,60.62,0,0,479,77,4,23,6.22,29.94
Steve Dils,1,1983,16,12,239,0.54,444,2840,11,0.02,16,0.04,68,37,0.08,254,1,3,6.4,5.27,11.88,236.67,0.08,4.34,66.84,0,0,28,16,0,8,1.75,1.75
Dave Krieg,13,1983,177,165,2874,0.59,4907,35364,245,0.05,189,0.04,80,442,0.08,3433,20,22,7.21,6.47,12.3,214.33,0.08,5.3,81.51,3,0,1187,372,12,37,3.19,6.71
Todd Blackledge,1,1984,11,8,147,0.5,294,1707,6,0.02,11,0.04,46,14,0.05,136,1,1,5.81,4.53,11.61,213.38,0.05,3.88,59.16,0,0,102,18,1,26,5.67,9.27
Tony Eason,3,1984,47,37,703,0.6,1178,8712,53,0.04,35,0.03,90,130,0.1,974,6,6,7.4,6.96,12.39,235.46,0.1,5.52,85.25,0,0,394,97,6,26,4.06,8.38
Jeff Kemp,2,1984,24,19,262,0.54,484,3575,24,0.05,15,0.03,66,32,0.06,246,2,3,7.39,6.98,13.65,188.16,0.06,6.07,81.59,0,0,202,49,1,23,4.12,8.42
Pat Ryan,1,1984,16,11,156,0.55,285,1939,14,0.05,14,0.05,44,30,0.1,214,1,1,6.8,5.58,12.43,176.27,0.1,4.37,71.95,0,0,92,23,0,16,4.0,5.75
Gary Hogeboom,2,1984,30,23,399,0.55,731,4957,21,0.03,33,0.05,68,66,0.08,477,2,3,6.78,5.32,12.42,215.52,0.08,4.28,66.59,0,0,108,42,1,15,2.57,3.6
Mark Malone,4,1984,51,43,666,0.51,1305,8057,43,0.03,67,0.05,63,65,0.05,504,4,7,6.17,4.52,12.1,187.37,0.05,3.94,59.93,0,0,480,127,15,45,3.78,9.41
Warren Moon,14,1984,197,194,3838,0.59,6539,47487,283,0.04,223,0.03,87,434,0.06,3247,24,33,7.26,6.59,12.37,244.78,0.06,5.72,81.47,9,0,1728,532,22,35,3.25,8.77
Bernie Kosar,7,1985,94,92,1671,0.58,2857,19937,103,0.04,71,0.02,97,217,0.07,1340,14,16,6.98,6.58,11.93,216.71,0.07,5.68,81.56,1,0,185,143,4,23,1.29,1.97
Ken O'Brien,7,1985,104,98,1868,0.59,3164,22342,113,0.04,82,0.03,96,306,0.09,2309,12,15,7.06,6.61,11.96,227.98,0.09,5.36,81.81,2,0,340,146,0,22,2.33,3.27
David Archer,2,1985,27,22,311,0.51,606,3999,17,0.03,26,0.04,65,77,0.11,561,3,2,6.6,5.23,12.86,181.77,0.11,3.82,63.82,0,0,645,122,2,29,5.29,23.89
Boomer Esiason,12,1985,170,164,2800,0.57,4917,35912,231,0.05,179,0.04,86,306,0.06,2343,18,25,7.3,6.61,12.83,218.98,0.06,5.77,80.46,4,1,1524,420,5,24,3.63,8.96
Bruce Mathison,1,1985,10,7,113,0.5,228,1635,4,0.02,14,0.06,60,22,0.09,203,0,0,7.17,4.76,14.47,233.57,0.09,3.53,53.53,0,0,231,27,1,22,8.56,23.1
Dave Wilson,2,1985,24,23,334,0.53,635,4196,21,0.03,32,0.05,63,61,0.09,482,2,2,6.61,5.0,12.56,182.43,0.09,3.87,63.47,0,0,26,32,1,17,0.81,1.08
Dieter Brock,1,1985,15,15,218,0.6,365,2658,16,0.04,13,0.04,64,51,0.12,351,2,1,7.28,6.56,12.19,177.2,0.12,4.91,81.97,0,0,38,20,0,13,1.9,2.53
Randy Wright,2,1986,25,23,395,0.53,739,4754,23,0.03,34,0.05,66,53,0.07,371,0,1,6.43,4.99,12.04,206.7,0.07,4.18,64.63,0,0,111,31,1,27,3.58,4.44
Steve Pelluer,2,1986,32,23,460,0.57,813,5866,25,0.03,36,0.04,84,68,0.08,474,2,4,7.22,5.84,12.75,255.04,0.08,4.85,71.1,0,0,569,92,3,27,6.18,17.78
Steve Young,9,1986,126,125,2357,0.65,3603,29065,203,0.06,89,0.02,97,293,0.08,1609,9,12,8.07,8.08,12.33,232.52,0.08,7.06,98.7,7,3,3290,565,38,39,5.82,26.11
Jack Trudeau,3,1986,35,31,522,0.52,1008,6129,29,0.03,37,0.04,84,62,0.06,438,4,3,6.08,5.0,11.74,197.71,0.06,4.3,64.87,0,0,119,63,3,17,1.89,3.4
Jay Schroeder,7,1986,89,82,1145,0.51,2246,16223,96,0.04,88,0.04,85,160,0.07,1267,13,14,7.22,6.31,14.17,197.84,0.07,5.37,72.58,1,0,652,200,5,31,3.26,7.33
Jim Kelly,11,1986,160,160,2874,0.6,4779,35467,237,0.05,175,0.04,84,323,0.06,2427,21,28,7.42,6.77,12.34,221.67,0.06,5.86,84.39,5,1,1049,304,7,24,3.45,6.56
Wade Wilson,5,1987,63,46,870,0.58,1509,11218,63,0.04,53,0.04,73,131,0.08,898,3,7,7.43,6.69,12.89,243.87,0.08,5.61,80.39,1,0,823,155,8,44,5.31,13.06
Jim Everett,10,1987,148,147,2732,0.58,4701,33362,194,0.04,163,0.03,81,245,0.05,1805,11,14,7.1,6.36,12.21,226.95,0.05,5.68,79.39,1,0,544,236,3,22,2.31,3.68
Mike Tomczak,5,1987,72,45,734,0.54,1354,9363,55,0.04,58,0.04,79,62,0.04,421,3,6,6.92,5.8,12.76,208.07,0.04,5.25,71.76,0,0,176,104,2,18,1.69,2.44
Randall Cunningham,7,1987,104,103,1842,0.56,3262,23168,167,0.05,90,0.03,95,328,0.09,2498,15,18,7.1,6.88,12.58,224.93,0.09,5.56,84.3,4,1,3661,575,27,52,6.37,35.2
Bobby Hebert,7,1987,95,91,1621,0.6,2713,19054,124,0.05,105,0.04,98,153,0.05,1054,9,13,7.02,6.2,11.75,209.38,0.05,5.5,80.25,1,0,520,164,1,25,3.17,5.47
Scott Campbell,1,1987,12,9,136,0.52,260,1728,11,0.04,14,0.05,44,25,0.09,178,1,1,6.65,5.07,12.71,192.0,0.09,4.0,65.03,0,0,102,21,2,24,4.86,8.5
Chuck Long,1,1987,12,12,232,0.56,416,2598,11,0.03,20,0.05,53,17,0.04,127,0,1,6.25,4.61,11.2,216.5,0.04,4.14,63.36,0,0,64,22,0,15,2.91,5.33
Vinny Testaverde,15,1988,205,195,3496,0.57,6157,42799,259,0.04,245,0.04,89,369,0.06,2642,27,32,6.95,6.0,12.24,219.48,0.06,5.26,75.81,2,0,1570,391,12,48,4.02,7.66
Chris Chandler,9,1988,123,118,1764,0.59,2994,22278,143,0.05,104,0.03,94,290,0.09,1966,9,14,7.44,6.83,12.63,188.8,0.09,5.63,83.63,2,0,939,279,9,29,3.37,7.63
Bubby Brister,4,1988,53,51,766,0.54,1408,9629,54,0.04,43,0.03,90,128,0.08,1105,6,6,6.84,6.23,12.57,188.8,0.08,4.99,75.97,0,0,337,117,6,20,2.88,6.36
Chris Miller,7,1988,89,85,1463,0.55,2653,17896,119,0.04,89,0.03,89,189,0.07,1377,8,11,6.75,6.13,12.23,210.54,0.07,5.24,77.12,1,0,742,164,2,29,4.52,8.34
Rusty Hilger,1,1988,11,9,126,0.41,306,1558,7,0.02,12,0.04,56,31,0.09,251,0,0,5.09,3.78,12.37,173.11,0.09,2.69,48.9,0,0,27,18,0,11,1.5,2.45
Mark Rypien,6,1988,77,72,1244,0.56,2207,15928,101,0.05,75,0.03,82,82,0.04,578,8,11,7.22,6.6,12.8,221.22,0.04,6.11,80.22,2,0,151,110,8,19,1.37,1.96
Don Majkowski,3,1988,38,33,681,0.57,1199,8362,46,0.04,43,0.04,79,110,0.08,622,6,8,6.97,6.13,12.28,253.39,0.08,5.14,76.32,1,0,769,151,7,24,5.09,20.24
Steve Beuerlein,7,1988,89,80,1484,0.58,2575,18808,116,0.05,87,0.03,88,253,0.09,1587,9,11,7.3,6.68,12.67,235.1,0.09,5.53,81.48,1,0,414,183,4,20,2.26,4.65
Troy Aikman,12,1989,165,165,2898,0.61,4715,32942,165,0.03,141,0.03,90,259,0.05,1748,15,20,6.99,6.34,11.37,199.65,0.05,5.66,81.62,6,0,1016,327,9,25,3.11,6.16
Bob Gagliano,1,1989,11,7,117,0.5,232,1671,6,0.03,12,0.05,75,25,0.1,153,0,0,7.2,5.39,14.28,238.71,0.1,4.27,61.19,0,0,192,41,4,19,4.68,17.45
Jeff George,8,1990,112,107,2013,0.58,3463,24161,140,0.04,96,0.03,85,307,0.08,2313,8,16,6.98,6.54,12.0,225.8,0.08,5.39,81.52,0,0,271,144,2,17,1.88,2.42
Anthony Dilweg,1,1990,9,7,101,0.53,192,1267,8,0.04,7,0.04,59,22,0.1,150,1,1,6.6,5.79,12.54,181.0,0.1,4.5,72.11,0,0,114,21,0,22,5.43,12.67
Rich Gannon,8,1990,117,109,2125,0.61,3491,24441,155,0.04,85,0.02,84,243,0.07,1345,13,16,7.0,6.79,11.5,224.23,0.07,5.99,86.64,4,2,2073,432,17,42,4.8,17.72
Timm Rosenbach,1,1990,16,16,237,0.54,437,3098,16,0.04,17,0.04,68,43,0.09,285,1,1,7.09,6.07,13.07,193.62,0.09,4.93,72.81,0,0,470,86,3,25,5.47,29.38
Rodney Peete,5,1990,60,57,860,0.58,1492,10302,51,0.03,59,0.04,93,153,0.09,875,4,9,6.9,5.81,11.98,180.74,0.09,4.74,73.8,0,0,772,167,8,37,4.62,12.87
Billy Joe Tolliver,3,1990,32,25,465,0.53,877,5917,31,0.04,36,0.04,82,49,0.05,390,0,0,6.75,5.61,12.72,236.68,0.05,4.89,69.06,0,0,207,51,3,33,4.06,6.47
Jim Harbaugh,9,1990,130,119,1891,0.59,3228,21652,107,0.03,90,0.03,84,302,0.09,1764,14,18,6.71,6.12,11.45,181.95,0.09,5.09,78.28,1,0,2139,438,14,25,4.88,16.45
Tom Tupa,1,1991,11,11,165,0.52,315,2053,6,0.02,13,0.04,62,24,0.07,197,0,0,6.52,5.04,12.44,186.64,0.07,4.1,62.04,0,0,97,28,1,17,3.46,8.82
Steve Walsh,2,1991,20,18,349,0.58,598,3716,21,0.04,14,0.02,50,14,0.02,78,1,3,6.21,5.86,10.65,206.44,0.02,5.6,78.56,0,0,4,38,1,12,0.11,0.2
Hugh Millen,1,1991,13,13,246,0.6,409,3073,9,0.02,18,0.04,60,54,0.12,379,3,4,7.51,5.97,12.49,236.38,0.12,4.46,72.51,0,0,92,31,1,14,2.97,7.08
Neil O'Donnell,7,1991,94,86,1540,0.58,2674,17879,100,0.04,50,0.02,89,223,0.08,1635,11,14,6.69,6.59,11.61,207.9,0.08,5.52,82.61,1,0,393,171,4,27,2.3,4.18
Erik Kramer,4,1991,52,45,877,0.58,1514,10307,63,0.04,39,0.03,79,64,0.04,389,7,9,6.81,6.48,11.75,229.04,0.04,5.97,81.86,0,0,165,110,5,31,1.5,3.17
John Friesz,2,1991,24,22,382,0.55,698,4525,20,0.03,19,0.03,80,44,0.06,291,4,4,6.48,5.83,11.85,205.68,0.06,5.09,72.91,0,0,19,22,0,11,0.86,0.79
Jeff Hostetler,5,1991,67,67,1092,0.59,1847,13154,74,0.04,53,0.03,80,153,0.08,852,7,9,7.12,6.63,12.05,196.33,0.08,5.7,82.43,1,0,932,211,10,47,4.42,13.91
Stan Gelbaugh,1,1992,10,8,121,0.47,255,1307,6,0.02,11,0.04,57,34,0.12,265,1,1,5.13,3.65,10.8,163.38,0.12,2.31,52.85,0,0,79,16,0,22,4.94,7.9
Cody Carlson,1,1992,11,6,149,0.66,227,1710,9,0.04,11,0.05,65,15,0.06,90,3,3,7.53,6.15,11.48,285.0,0.06,5.39,81.19,0,0,77,27,1,13,2.85,7.0
Brett Favre,19,1992,300,298,6300,0.62,10165,71838,508,0.05,334,0.03,99,524,0.05,3476,28,43,7.07,6.59,11.4,241.07,0.05,5.94,86.15,11,3,1844,602,14,40,3.06,6.15
Stan Humphries,6,1992,79,76,1335,0.57,2350,16085,85,0.04,73,0.03,99,132,0.05,1111,8,10,6.84,6.17,12.05,211.64,0.05,5.39,77.06,0,0,240,122,5,27,1.97,3.04
Browning Nagle,1,1992,14,13,192,0.5,387,2280,7,0.02,17,0.04,51,27,0.07,215,0,0,5.89,4.28,11.88,175.38,0.07,3.48,55.7,0,0,57,24,0,20,2.38,4.07
David Klingler,1,1993,14,13,190,0.55,343,1935,6,0.02,9,0.03,51,40,0.1,202,1,1,5.64,4.81,10.18,148.85,0.1,3.78,66.65,0,0,282,41,0,29,6.88,20.14
Craig Erickson,2,1993,31,30,458,0.54,856,5973,34,0.04,31,0.04,71,57,0.06,365,2,2,6.98,6.14,13.04,199.1,0.06,5.36,73.9,0,0,164,52,1,17,3.15,5.29
Rick Mirer,3,1993,44,42,678,0.54,1258,7548,36,0.03,44,0.03,59,116,0.08,635,4,4,6.0,5.0,11.13,179.71,0.08,4.11,66.96,0,0,689,145,4,33,4.75,15.66
Drew Bledsoe,12,1993,186,185,3709,0.57,6482,43047,242,0.04,196,0.03,86,446,0.06,3007,24,31,6.64,6.03,11.61,232.69,0.06,5.2,77.28,4,0,718,372,8,25,1.93,3.86
Scott Mitchell,5,1993,68,62,1144,0.57,2008,13968,90,0.04,62,0.03,91,127,0.06,727,5,8,6.96,6.46,12.21,225.29,0.06,5.74,80.62,0,0,383,146,10,32,2.62,5.63
Dave Brown,3,1994,47,47,669,0.56,1204,7762,35,0.03,46,0.04,57,135,0.1,730,2,4,6.45,5.31,11.6,165.15,0.1,4.23,69.02,0,0,594,155,6,23,3.83,12.64
Jeff Blake,8,1994,102,98,1746,0.56,3092,20751,129,0.04,94,0.03,88,229,0.07,1447,11,15,6.71,6.18,11.88,211.74,0.07,5.32,78.34,1,0,1922,396,14,30,4.85,18.84
Heath Shuler,1,1994,11,8,120,0.45,265,1658,10,0.04,12,0.05,81,12,0.04,83,0,0,6.26,4.97,13.82,207.25,0.04,4.46,59.6,0,0,103,26,0,26,3.96,9.36
Steve Bono,2,1995,30,29,528,0.55,958,5693,33,0.03,23,0.02,69,43,0.04,319,4,2,5.94,5.55,10.78,196.31,0.04,4.99,74.25,1,0,140,54,5,76,2.59,4.67
Gus Frerotte,7,1995,91,78,1421,0.55,2583,17932,90,0.03,79,0.03,99,163,0.06,1073,8,10,6.94,6.26,12.62,229.9,0.06,5.5,75.73,1,0,262,158,5,26,1.66,2.88
Mark Brunell,10,1995,143,138,2554,0.6,4248,30053,173,0.04,100,0.02,79,363,0.08,2221,16,21,7.07,6.83,11.77,217.78,0.08,5.81,85.43,3,0,2345,476,13,38,4.93,16.4
Trent Dilfer,5,1995,75,75,1132,0.55,2045,13238,69,0.03,75,0.04,80,157,0.07,1045,11,13,6.47,5.5,11.69,176.51,0.07,4.63,71.15,1,0,525,148,5,21,3.55,7.0
Kerry Collins,12,1995,167,156,3058,0.56,5422,35923,187,0.03,166,0.03,89,286,0.05,1897,20,28,6.63,5.94,11.75,230.28,0.05,5.31,75.43,2,0,522,328,8,22,1.59,3.13
Frank Reich,1,1996,10,7,175,0.53,331,2205,15,0.05,16,0.05,52,14,0.04,94,0,0,6.66,5.39,12.6,315.0,0.04,4.9,68.86,0,0,31,18,0,10,1.72,3.1
Tony Banks,5,1996,71,67,1052,0.54,1953,12855,63,0.03,60,0.03,85,194,0.09,1223,3,5,6.58,5.84,12.22,191.87,0.09,4.75,72.35,0,0,799,219,6,23,3.65,11.25
Ty Detmer,2,1996,21,18,372,0.58,645,4478,22,0.03,19,0.03,57,46,0.07,265,3,4,6.94,6.3,12.04,248.78,0.07,5.5,78.17,0,0,105,45,2,14,2.33,5.0
Brad Johnson,9,1996,128,116,2443,0.62,3960,26705,154,0.04,107,0.03,82,227,0.05,1445,14,26,6.74,6.31,10.93,230.22,0.05,5.62,83.3,2,0,636,241,8,28,2.64,4.97
Bobby Hoying,1,1997,7,6,128,0.57,225,1573,11,0.05,6,0.03,72,28,0.11,183,2,1,6.99,6.77,12.29,262.17,0.11,5.3,83.81,0,0,78,16,0,30,4.88,11.14
Todd Collins,1,1997,14,13,215,0.55,391,2367,12,0.03,13,0.03,77,39,0.09,278,2,4,6.05,5.17,11.01,182.08,0.09,4.06,69.51,0,0,77,30,0,11,2.57,5.5
Steve McNair,10,1997,142,141,2471,0.6,4116,28425,163,0.04,110,0.03,87,228,0.05,1374,15,21,6.91,6.5,11.5,201.6,0.05,5.84,82.95,3,0,3351,617,35,71,5.43,23.6
Jake Plummer,10,1997,143,136,2484,0.57,4350,29253,161,0.04,161,0.04,85,284,0.06,1735,20,30,6.72,5.8,11.78,215.1,0.06,5.07,74.61,1,0,1853,428,17,40,4.33,12.96
Kordell Stewart,5,1997,73,66,1031,0.55,1880,11967,64,0.03,66,0.04,90,137,0.07,834,8,10,6.37,5.47,11.61,181.32,0.07,4.68,71.03,1,0,2145,402,28,74,5.34,29.38
Elvis Grbac,4,1997,55,55,1064,0.58,1827,12534,76,0.04,53,0.03,86,102,0.05,748,8,12,6.86,6.39,11.78,227.89,0.05,5.66,80.98,1,0,306,100,3,22,3.06,5.56
Danny Kanell,2,1997,26,20,316,0.53,593,3343,22,0.04,19,0.03,68,41,0.06,343,1,3,5.64,4.94,10.58,167.15,0.06,4.08,69.0,0,0,38,30,0,10,1.27,1.46
Craig Whelihan,1,1998,10,7,149,0.47,320,1803,8,0.02,19,0.06,55,15,0.04,111,2,2,5.63,3.46,12.1,257.57,0.04,2.98,47.96,0,0,38,18,0,13,2.11,3.8
Donald Hollas,1,1998,12,6,135,0.52,260,1754,10,0.04,16,0.06,47,36,0.12,207,1,1,6.75,4.75,12.99,292.33,0.12,3.47,60.64,0,0,120,29,1,14,4.14,10.0
Doug Flutie,4,1998,55,46,892,0.56,1584,11046,62,0.04,48,0.03,84,73,0.04,490,6,8,6.97,6.39,12.38,240.13,0.04,5.82,78.49,1,0,1077,225,4,32,4.79,19.58
Eric Zeier,1,1998,10,4,107,0.59,181,1312,4,0.02,3,0.02,73,18,0.09,138,0,0,7.25,6.94,12.26,328.0,0.09,5.62,82.01,0,0,17,11,0,7,1.55,1.7
Charlie Batch,4,1998,48,46,743,0.56,1326,9016,49,0.04,40,0.03,98,147,0.1,826,6,8,6.8,6.18,12.13,196.0,0.1,5.0,76.86,0,0,560,125,5,19,4.48,11.67
Peyton Manning,17,1998,266,265,6125,0.65,9380,71940,539,0.06,251,0.03,86,303,0.03,1953,43,54,7.67,7.61,11.75,271.47,0.03,7.17,96.46,14,7,667,431,18,33,1.55,2.51
Trent Green,7,1998,103,99,2022,0.61,3328,25621,150,0.05,92,0.03,99,222,0.06,1383,14,18,7.7,7.36,12.67,258.8,0.06,6.51,88.3,2,0,819,214,6,24,3.83,7.95
Kurt Warner,8,1999,108,104,2372,0.66,3606,29132,198,0.05,111,0.03,85,219,0.06,1397,7,11,8.08,7.79,12.28,280.12,0.06,6.98,96.04,4,2,250,151,3,23,1.66,2.31
Kent Graham,1,1999,9,9,160,0.59,271,1697,9,0.03,9,0.03,56,26,0.09,184,1,1,6.26,5.43,10.61,188.56,0.09,4.34,74.61,0,0,132,35,1,17,3.77,14.67
Ray Lucas,1,1999,9,9,161,0.59,272,1678,14,0.05,6,0.02,56,11,0.04,69,3,3,6.17,6.21,10.42,186.44,0.04,5.72,85.08,0,0,144,41,1,21,3.51,16.0
Jeff Garcia,8,1999,110,105,2046,0.62,3315,23291,148,0.04,75,0.02,99,169,0.05,873,9,14,7.03,6.9,11.38,221.82,0.05,6.32,88.25,4,0,2004,423,25,33,4.74,18.22
Jon Kitna,8,1999,118,111,2396,0.6,3962,26630,150,0.04,142,0.04,91,286,0.07,1765,15,19,6.72,5.87,11.11,239.91,0.07,5.06,78.17,0,0,792,262,9,29,3.02,6.71
Shane Matthews,1,1999,8,7,167,0.61,275,1645,10,0.04,6,0.02,56,13,0.05,79,1,1,5.98,5.73,9.85,235.0,0.05,5.19,80.64,0,0,31,14,0,14,2.21,3.88
Brian Griese,6,1999,70,67,1437,0.63,2273,16196,101,0.04,76,0.03,88,157,0.06,1076,6,8,7.13,6.51,11.27,241.73,0.06,5.65,85.34,1,0,565,205,5,24,2.76,8.07
Tim Couch,4,1999,55,52,888,0.59,1499,9648,57,0.04,58,0.04,78,156,0.09,1041,9,10,6.44,5.46,10.86,185.54,0.09,4.31,74.82,0,0,511,112,2,40,4.56,9.29
Rob Johnson,2,2000,20,19,309,0.59,522,3590,17,0.03,14,0.03,74,80,0.13,488,2,2,6.88,6.32,11.62,188.95,0.13,4.67,79.75,0,0,548,78,2,23,7.03,27.4
Daunte Culpepper,6,2000,80,80,1678,0.64,2607,20162,135,0.05,86,0.03,82,228,0.08,1214,10,15,7.73,7.29,12.02,252.02,0.08,6.27,91.46,3,0,2470,451,29,42,5.48,30.88
Donovan McNabb,11,2000,149,149,2970,0.59,5002,35302,222,0.04,108,0.02,91,366,0.07,2309,15,22,7.06,6.97,11.89,236.93,0.07,6.07,86.77,6,0,3087,555,28,54,5.56,20.72
Shaun King,1,2000,16,16,233,0.54,428,2769,18,0.04,13,0.03,75,37,0.08,240,3,3,6.47,5.94,11.88,173.06,0.08,4.95,75.77,0,0,353,73,5,19,4.84,22.06
Jay Fiedler,4,2000,54,52,835,0.59,1413,9854,59,0.04,55,0.04,74,82,0.05,522,8,9,6.97,6.06,11.8,189.5,0.05,5.38,78.09,0,0,775,189,11,30,4.1,14.35
Cade McNown,1,2000,10,9,154,0.55,280,1646,8,0.03,9,0.03,68,27,0.09,169,0,1,5.88,5.0,10.69,182.89,0.09,4.01,68.54,0,0,326,50,3,30,6.52,32.6
Ryan Leaf,1,2000,11,9,161,0.5,322,1883,11,0.03,18,0.06,83,31,0.09,155,1,1,5.85,4.02,11.7,209.22,0.09,3.22,56.21,0,0,54,28,0,14,1.93,4.91
Alex Van Pelt,1,2001,12,8,178,0.58,307,2056,12,0.04,11,0.04,80,14,0.04,73,1,1,6.7,5.87,11.55,257.0,0.04,5.38,76.4,0,0,33,12,0,15,2.75,2.75
Matt Hasselbeck,10,2001,147,140,2769,0.61,4559,31789,187,0.04,132,0.03,87,307,0.06,1919,12,20,6.97,6.49,11.48,227.06,0.06,5.69,83.36,3,0,1112,305,8,23,3.65,7.56
Jim Miller,2,2001,24,21,408,0.58,709,4243,26,0.04,19,0.03,66,27,0.04,173,5,5,5.98,5.51,10.4,202.05,0.04,5.07,76.03,0,0,-8,42,0,5,-0.19,-0.33
Chris Weinke,1,2001,15,15,293,0.54,540,2931,11,0.02,19,0.04,48,26,0.05,177,0,0,5.43,4.25,10.0,195.4,0.05,3.74,62.04,0,0,128,37,6,23,3.46,8.53
Aaron Brooks,5,2001,77,77,1450,0.56,2577,17642,111,0.04,78,0.03,76,194,0.07,1186,11,16,6.85,6.35,12.17,229.12,0.07,5.47,79.24,0,0,1240,299,11,26,4.15,16.1
Tom Brady,21,2001,333,332,7745,0.64,12036,89132,649,0.05,212,0.02,99,565,0.04,3576,46,58,7.41,7.69,11.51,268.47,0.04,7.06,97.2,15,3,1123,693,28,22,1.62,3.37
Drew Brees,19,2002,286,286,7127,0.68,10524,80137,570,0.05,243,0.02,98,418,0.04,2979,36,53,7.61,7.66,11.24,280.2,0.04,7.09,98.68,13,1,734,496,25,22,1.48,2.57
Marc Bulger,8,2002,96,95,1969,0.62,3171,22814,122,0.04,93,0.03,80,254,0.07,1863,12,16,7.19,6.64,11.59,240.15,0.07,5.61,84.41,2,0,300,118,8,29,2.54,3.12
Chad Pennington,6,2002,79,74,1519,0.66,2287,16702,97,0.04,59,0.03,80,145,0.06,869,7,10,7.3,6.99,11.0,225.7,0.06,6.22,91.25,0,0,420,169,7,16,2.49,5.32
Tommy Maddox,2,2002,31,27,532,0.59,896,6250,38,0.04,33,0.04,72,67,0.07,390,2,2,6.98,6.17,11.75,231.48,0.07,5.33,79.42,0,0,55,32,0,21,1.72,1.77
Chad Hutchinson,1,2002,9,9,127,0.51,250,1555,7,0.03,8,0.03,58,34,0.12,265,1,1,6.22,5.34,12.24,172.78,0.12,3.77,66.33,0,0,74,18,0,18,4.11,8.22
David Carr,5,2002,76,75,1243,0.6,2070,13391,59,0.03,65,0.03,81,249,0.11,1466,6,10,6.47,5.63,10.77,178.55,0.11,4.39,75.5,0,0,1235,268,8,36,4.61,16.25
Michael Vick,7,2002,96,96,1520,0.57,2663,18818,116,0.04,76,0.03,91,242,0.08,1465,12,14,7.07,6.65,12.38,196.02,0.08,5.59,81.72,4,0,4912,696,30,58,7.06,51.17
Patrick Ramsey,3,2002,29,23,465,0.56,836,5370,33,0.04,28,0.03,64,71,0.08,475,0,2,6.42,5.71,11.55,233.48,0.08,4.74,74.4,0,0,80,38,2,24,2.11,2.76
Joey Harrington,6,2002,81,76,1424,0.56,2538,14693,79,0.03,85,0.03,86,124,0.05,770,6,7,5.79,4.9,10.32,193.33,0.05,4.39,69.38,0,0,402,142,0,26,2.83,4.96
Quincy Carter,1,2003,16,16,292,0.58,505,3302,17,0.03,21,0.04,64,37,0.07,185,2,2,6.54,5.34,11.31,206.38,0.07,4.63,71.41,0,0,257,68,2,19,3.78,16.06
Byron Leftwich,3,2003,40,38,681,0.59,1161,7883,44,0.04,31,0.03,84,67,0.05,314,7,9,6.79,6.35,11.58,207.45,0.05,5.74,80.76,0,0,323,95,6,18,3.4,8.07
Doug Johnson,1,2003,10,8,136,0.56,243,1655,8,0.03,12,0.05,86,19,0.07,121,0,0,6.81,5.25,12.17,206.88,0.07,4.4,67.5,0,0,21,14,1,13,1.5,2.1
Jake Delhomme,6,2003,88,87,1525,0.59,2583,18634,112,0.04,88,0.03,80,149,0.05,1112,17,22,7.21,6.55,12.22,214.18,0.05,5.78,81.6,1,0,234,146,5,13,1.6,2.66
Kelly Holcomb,1,2003,10,8,193,0.64,302,1797,10,0.03,12,0.04,68,21,0.07,166,1,1,5.95,4.82,9.31,224.62,0.07,4.0,74.61,0,0,7,8,0,6,0.88,0.7
Josh McCown,6,2004,63,56,1182,0.62,1918,13417,74,0.04,49,0.03,80,158,0.08,1037,5,6,7.0,6.62,11.35,239.59,0.08,5.61,84.8,0,0,669,160,12,22,4.18,10.62
Kyle Boller,3,2004,37,33,597,0.58,1032,6101,33,0.03,33,0.03,57,82,0.07,552,4,6,5.91,5.11,10.22,184.88,0.07,4.24,72.26,0,0,344,95,2,19,3.62,9.3
Ben Roethlisberger,17,2004,247,245,5405,0.64,8381,63737,418,0.05,210,0.03,97,552,0.06,3670,41,53,7.6,7.47,11.79,260.15,0.06,6.6,93.7,6,0,1366,514,20,31,2.66,5.53
A.J. Feeley,1,2004,11,8,191,0.54,356,1893,11,0.03,15,0.04,38,23,0.06,136,2,3,5.32,4.04,9.91,236.62,0.06,3.44,61.69,0,0,13,14,1,7,0.93,1.18
Billy Volek,1,2004,10,8,218,0.61,357,2486,18,0.05,10,0.03,48,30,0.08,216,0,0,6.96,6.71,11.4,310.75,0.08,5.63,87.12,0,0,50,11,1,14,4.55,5.0
Tim Rattay,1,2004,9,9,198,0.61,325,2169,10,0.03,10,0.03,65,37,0.1,211,1,1,6.67,5.9,10.95,241.0,0.1,4.72,78.1,0,0,55,12,0,15,4.58,6.11
Carson Palmer,12,2004,172,171,3725,0.63,5954,43890,280,0.05,180,0.03,91,320,0.05,2238,20,33,7.37,6.95,11.78,256.67,0.05,6.24,88.01,3,0,411,287,8,16,1.43,2.39
Anthony Wright,1,2005,9,7,164,0.62,266,1582,6,0.02,9,0.03,48,19,0.07,147,0,0,5.95,4.88,9.65,226.0,0.07,4.04,71.66,0,0,68,18,0,22,3.78,7.56
Chris Simms,1,2005,11,10,191,0.61,313,2035,10,0.03,7,0.02,78,29,0.08,205,3,3,6.5,6.13,10.65,203.5,0.08,5.01,81.36,0,0,31,19,0,10,1.63,2.82
Kyle Orton,5,2005,71,70,1378,0.59,2319,15314,86,0.04,56,0.02,87,153,0.06,950,8,9,6.6,6.26,11.11,218.77,0.06,5.49,81.42,0,0,276,109,4,15,2.53,3.89
Eli Manning,14,2005,223,223,4709,0.61,7775,54938,354,0.05,230,0.03,99,393,0.05,2743,26,36,7.07,6.65,11.67,246.36,0.05,5.99,84.85,4,0,525,305,7,18,1.72,2.35
Matt Leinart,1,2006,12,11,214,0.57,377,2547,11,0.03,12,0.03,58,21,0.05,158,1,1,6.76,5.91,11.9,231.55,0.05,5.2,74.0,0,0,49,22,2,14,2.23,4.08
David Garrard,5,2006,69,68,1238,0.62,1983,14195,81,0.04,50,0.03,75,158,0.07,995,8,14,7.16,6.84,11.47,208.75,0.07,5.87,87.05,1,0,1359,312,11,30,4.36,19.7
Damon Huard,2,2006,21,18,354,0.61,576,4135,22,0.04,14,0.02,78,52,0.08,340,4,6,7.18,6.85,11.68,229.72,0.08,5.74,85.81,0,0,8,18,0,8,0.44,0.38
J.P. Losman,1,2006,16,16,268,0.62,429,3051,19,0.04,14,0.03,83,47,0.1,332,1,3,7.11,6.53,11.38,190.69,0.1,5.19,84.94,0,0,140,38,1,15,3.68,8.75
Philip Rivers,15,2006,240,240,5260,0.65,8104,63292,420,0.05,208,0.03,84,461,0.05,2816,29,35,7.81,7.69,12.03,263.72,0.05,6.95,95.29,8,0,607,378,3,18,1.61,2.53
Charlie Frye,1,2006,13,13,252,0.64,393,2454,10,0.03,17,0.04,75,44,0.1,262,0,0,6.24,4.81,9.74,188.77,0.1,3.72,71.99,0,0,215,47,3,17,4.57,16.54
Rex Grossman,3,2006,37,36,649,0.56,1163,7755,43,0.04,47,0.04,62,71,0.06,541,5,6,6.67,5.59,11.95,215.42,0.06,4.83,71.86,0,0,40,58,1,22,0.69,1.08
Bruce Gradkowski,1,2006,13,11,177,0.54,328,1661,9,0.03,9,0.03,53,25,0.07,146,2,3,5.06,4.38,9.38,151.0,0.07,3.65,65.87,0,0,161,41,0,14,3.93,12.38
Tony Romo,9,2006,129,123,2743,0.65,4210,33270,242,0.06,110,0.03,85,242,0.05,1637,23,27,7.9,7.88,12.13,270.49,0.05,7.08,97.58,4,0,609,232,5,21,2.62,4.72
Andrew Walter,1,2006,12,8,147,0.53,276,1677,3,0.01,13,0.05,51,46,0.14,256,0,0,6.08,4.17,11.41,209.62,0.14,2.78,55.78,0,0,30,14,0,12,2.14,2.5
Vince Young,3,2006,42,38,574,0.58,998,6624,31,0.03,37,0.04,73,59,0.06,322,7,11,6.64,5.59,11.54,174.32,0.06,4.97,72.57,2,0,1228,231,12,44,5.32,29.24
Alex Smith,11,2006,150,147,2904,0.63,4583,32279,190,0.04,86,0.02,80,364,0.07,2018,15,18,7.04,7.03,11.12,219.59,0.07,6.1,90.23,3,0,2409,527,15,70,4.57,16.06
Kellen Clemens,1,2007,10,8,130,0.52,250,1529,5,0.02,10,0.04,56,27,0.1,138,1,2,6.12,4.72,11.76,191.12,0.1,3.76,60.9,0,0,111,27,1,18,4.11,11.1
Derek Anderson,3,2007,38,33,609,0.54,1137,7467,45,0.04,37,0.03,78,53,0.04,372,4,5,6.57,5.89,12.26,226.27,0.04,5.32,73.72,1,0,150,62,3,15,2.42,3.95
Matt Schaub,7,2007,90,88,1951,0.65,3020,23221,124,0.04,78,0.03,80,160,0.05,1126,11,14,7.69,7.35,11.9,263.88,0.05,6.62,90.88,2,0,229,159,4,19,1.44,2.54
Cleo Lemon,1,2007,9,7,173,0.56,309,1773,6,0.02,6,0.02,64,25,0.07,166,1,1,5.74,5.25,10.25,253.29,0.07,4.36,71.03,0,0,102,31,4,11,3.29,11.33
Jason Campbell,5,2007,67,65,1266,0.61,2076,13965,69,0.03,48,0.02,84,151,0.07,973,5,8,6.73,6.35,11.03,214.85,0.07,5.48,82.38,0,0,1008,190,4,29,5.31,15.04
Jay Cutler,10,2007,143,143,2886,0.62,4646,33073,214,0.05,150,0.03,93,292,0.06,1846,23,28,7.12,6.59,11.46,231.28,0.06,5.82,85.41,1,0,1640,369,9,31,4.44,11.47
Sage Rosenfels,1,2007,9,5,154,0.64,240,1684,15,0.06,12,0.05,53,6,0.02,48,0,0,7.02,6.02,10.94,336.8,0.02,5.67,84.79,0,0,51,21,1,19,2.43,5.67
Trent Edwards,2,2007,24,23,396,0.62,643,4329,18,0.03,18,0.03,70,35,0.05,248,4,5,6.73,6.03,10.93,188.22,0.05,5.36,79.12,0,0,166,50,3,15,3.32,6.92
Tarvaris Jackson,2,2007,27,26,442,0.59,744,5002,23,0.03,25,0.03,71,61,0.08,363,1,2,6.72,5.83,11.32,192.38,0.08,4.94,75.91,0,0,368,94,4,32,3.91,13.63
Aaron Rodgers,15,2008,223,223,4966,0.65,7601,58726,474,0.06,104,0.01,93,521,0.06,3526,21,31,7.73,8.36,11.83,263.35,0.06,7.39,103.81,10,4,3419,708,35,35,4.83,15.33
Joe Flacco,12,2008,171,171,3670,0.62,5932,40067,218,0.04,141,0.02,95,359,0.06,2554,18,24,6.75,6.42,10.92,234.31,0.06,5.65,84.13,0,0,831,357,16,38,2.33,4.86
Matt Cassel,6,2008,73,68,1334,0.59,2259,15049,91,0.04,64,0.03,79,172,0.07,950,8,11,6.66,6.19,11.28,221.31,0.07,5.36,80.67,1,0,885,226,4,23,3.92,12.12
Ryan Fitzpatrick,12,2008,153,140,2897,0.61,4756,33097,212,0.04,158,0.03,98,283,0.06,1491,12,16,6.96,6.36,11.42,236.41,0.06,5.7,82.86,0,0,2481,541,19,31,4.59,16.22
Matt Ryan,15,2008,234,234,5551,0.66,8464,62792,381,0.05,183,0.02,93,488,0.05,3264,38,46,7.42,7.35,11.31,268.34,0.05,6.58,93.64,4,1,1539,514,13,39,2.99,6.58
Dan Orlovsky,1,2008,10,7,143,0.56,255,1616,8,0.03,8,0.03,96,14,0.05,95,0,0,6.34,5.55,11.3,230.86,0.05,4.91,72.61,0,0,29,7,0,10,4.14,2.9
J.T. O'Sullivan,1,2008,9,8,128,0.58,220,1678,8,0.04,11,0.05,63,32,0.13,197,1,1,7.63,6.1,13.11,209.75,0.13,4.55,73.64,0,0,145,30,0,18,4.83,16.11
JaMarcus Russell,2,2008,27,24,318,0.52,614,3710,16,0.03,19,0.03,86,64,0.09,417,3,4,6.04,5.17,11.67,154.58,0.09,4.07,66.21,0,0,171,35,1,24,4.89,6.33
Tyler Thigpen,1,2008,14,11,230,0.55,420,2608,18,0.04,12,0.03,75,26,0.06,162,0,1,6.21,5.78,11.34,237.09,0.06,5.08,75.97,0,0,386,62,3,32,6.23,27.57
Shaun Hill,2,2008,20,18,438,0.62,704,4732,29,0.04,20,0.03,75,40,0.05,261,3,3,6.72,6.27,10.8,262.89,0.05,5.58,83.83,0,0,238,46,2,40,5.17,11.9
Mark Sanchez,5,2009,71,70,1226,0.56,2176,14510,82,0.04,80,0.04,74,149,0.06,969,8,10,6.67,5.77,11.84,207.29,0.06,4.98,74.06,0,0,429,159,13,25,2.7,6.04
Matthew Stafford,13,2009,188,188,4451,0.63,7032,51547,327,0.05,168,0.02,87,440,0.06,2911,33,41,7.33,7.19,11.58,274.19,0.06,6.37,90.92,1,0,1239,386,14,24,3.21,6.59
Brady Quinn,1,2009,10,9,136,0.53,256,1339,8,0.03,7,0.03,59,19,0.07,104,0,1,5.23,4.62,9.85,148.78,0.07,3.93,67.17,0,0,98,20,1,24,4.9,9.8
Chad Henne,4,2009,54,46,1046,0.6,1752,11504,51,0.03,58,0.03,81,122,0.07,766,4,5,6.57,5.66,11.0,250.09,0.07,4.88,75.1,0,0,225,97,2,15,2.32,4.17
Josh Freeman,4,2009,57,56,1101,0.59,1873,12963,78,0.04,63,0.03,95,103,0.05,622,9,10,6.92,6.24,11.77,231.48,0.05,5.6,79.77,0,0,902,192,4,33,4.7,15.82
Sam Bradford,5,2010,71,71,1614,0.63,2582,16980,84,0.03,53,0.02,80,170,0.06,1201,6,7,6.58,6.3,10.52,239.15,0.06,5.48,83.87,0,0,305,127,2,24,2.4,4.3
Colt McCoy,2,2010,21,21,400,0.58,685,4309,20,0.03,20,0.03,56,55,0.07,305,1,3,6.29,5.56,10.77,205.19,0.07,4.74,74.52,0,0,348,89,1,20,3.91,16.57
Cam Newton,9,2011,138,137,2563,0.6,4259,31126,190,0.04,117,0.03,91,316,0.07,2351,16,20,7.31,6.96,12.14,227.2,0.07,5.97,86.11,3,1,5400,1066,70,72,5.07,39.13
Christian Ponder,2,2011,27,26,458,0.59,774,4788,31,0.04,25,0.03,72,62,0.07,348,1,3,6.19,5.53,10.45,184.15,0.07,4.71,77.06,0,0,472,88,2,29,5.36,17.48
Kevin Kolb,1,2011,9,9,146,0.58,253,1955,9,0.04,8,0.03,73,30,0.11,219,2,1,7.73,7.02,13.39,217.22,0.11,5.5,81.05,0,0,65,17,0,17,3.82,7.22
John Skelton,1,2011,8,7,151,0.55,275,1913,11,0.04,14,0.05,60,23,0.08,162,4,5,6.96,5.47,12.67,273.29,0.08,4.5,68.95,0,0,128,28,0,14,4.57,16.0
Andy Dalton,12,2011,166,162,3374,0.63,5396,38150,244,0.05,144,0.03,86,345,0.06,2254,25,29,7.07,6.77,11.31,235.49,0.06,5.97,87.6,3,0,1465,468,22,25,3.13,8.83
Matt Moore,1,2011,13,12,210,0.61,347,2497,16,0.05,9,0.03,65,36,0.09,229,1,1,7.2,6.95,11.89,208.08,0.09,5.7,87.06,0,0,65,32,2,16,2.03,5.0
Blaine Gabbert,2,2011,23,22,388,0.56,695,4245,22,0.03,18,0.03,74,65,0.09,457,2,2,6.11,5.58,10.94,192.95,0.09,4.5,73.82,0,0,283,80,1,44,3.54,12.3
Tim Tebow,1,2011,14,11,126,0.46,271,1729,12,0.04,6,0.02,56,33,0.11,225,5,5,6.38,6.27,13.72,157.18,0.11,4.85,72.95,0,0,660,122,6,32,5.41,47.14
Robert Griffin III,2,2012,28,28,532,0.63,849,6403,36,0.04,17,0.02,88,68,0.07,491,4,4,7.54,7.49,12.04,228.68,0.07,6.4,91.52,1,0,1304,206,7,76,6.33,46.57
Jake Locker,1,2012,11,11,177,0.56,314,2176,10,0.03,11,0.04,71,25,0.07,151,0,1,6.93,5.99,12.29,197.82,0.07,5.1,73.95,0,0,291,41,1,32,7.1,26.45
Andrew Luck,6,2012,86,86,2000,0.61,3290,23671,171,0.05,83,0.03,87,174,0.05,1124,16,20,7.19,7.1,11.84,275.24,0.05,6.42,89.53,4,0,1590,332,14,33,4.79,18.49
Colin Kaepernick,4,2012,57,50,864,0.6,1443,10621,66,0.05,25,0.02,80,143,0.09,894,7,7,7.36,7.5,12.29,212.42,0.09,6.26,90.67,0,0,2046,328,12,90,6.24,35.89
Ryan Tannehill,9,2012,134,132,2738,0.64,4260,31286,195,0.05,99,0.02,91,348,0.08,2556,22,23,7.34,7.21,11.43,237.02,0.08,6.11,91.82,1,0,1884,391,26,48,4.82,14.06
Russell Wilson,11,2012,173,173,3371,0.65,5218,40583,308,0.06,98,0.02,80,482,0.08,3206,27,35,7.78,8.11,12.04,234.58,0.08,6.86,100.18,9,0,4966,901,26,55,5.51,28.71
Brandon Weeden,1,2012,15,15,297,0.57,517,3385,14,0.03,17,0.03,71,28,0.05,186,1,1,6.55,5.61,11.4,225.67,0.05,4.98,72.56,0,0,111,27,0,25,4.11,7.4
Mike Glennon,1,2013,13,13,247,0.59,416,2608,19,0.05,9,0.02,85,40,0.09,314,2,2,6.27,6.21,10.56,200.62,0.09,4.98,83.89,0,0,37,27,0,16,1.37,2.85
Nick Foles,3,2013,32,29,579,0.6,965,7106,47,0.05,22,0.02,68,51,0.05,345,4,5,7.36,7.31,12.27,245.03,0.05,6.61,89.5,1,0,309,90,4,21,3.43,9.66
EJ Manuel,1,2013,10,10,180,0.59,306,1972,11,0.04,9,0.03,45,28,0.08,159,1,2,6.44,5.84,10.96,197.2,0.08,4.87,77.68,0,0,186,53,2,19,3.51,18.6
Geno Smith,3,2013,47,46,865,0.63,1382,9853,55,0.04,45,0.03,74,117,0.08,838,5,10,7.13,6.46,11.39,214.2,0.08,5.4,83.65,1,0,970,199,8,32,4.87,20.64
Terrelle Pryor,1,2013,11,9,156,0.57,272,1798,7,0.03,11,0.04,73,31,0.1,203,0,0,6.61,5.31,11.53,199.78,0.1,4.09,69.15,0,0,576,83,2,93,6.94,52.36
Austin Davis,1,2014,10,8,180,0.63,284,2001,12,0.04,9,0.03,59,29,0.09,179,1,2,7.05,6.46,11.12,250.12,0.09,5.29,85.14,0,0,36,16,0,12,2.25,3.6
Derek Carr,9,2014,142,142,3201,0.65,4958,35222,217,0.04,99,0.02,87,264,0.05,1624,28,33,7.1,7.08,11.0,248.04,0.05,6.41,91.75,4,0,845,278,6,41,3.04,5.95
Drew Stanton,1,2014,9,8,132,0.55,240,1711,7,0.03,5,0.02,49,11,0.04,66,1,1,7.13,6.78,12.96,213.88,0.04,6.22,78.66,0,0,63,25,0,13,2.52,7.0
Kirk Cousins,9,2014,134,133,3135,0.67,4663,35820,244,0.05,95,0.02,81,279,0.06,2038,21,27,7.68,7.81,11.43,269.32,0.06,6.96,99.07,4,0,897,283,19,29,3.17,6.69
Brian Hoyer,3,2014,31,27,600,0.6,1007,7377,37,0.04,20,0.02,81,53,0.05,363,5,5,7.33,7.17,12.3,273.22,0.05,6.47,86.23,0,0,81,46,0,15,1.76,2.61
Teddy Bridgewater,4,2014,58,57,1176,0.67,1767,12935,61,0.03,39,0.02,87,145,0.08,972,4,5,7.32,7.02,11.0,226.93,0.08,5.98,90.36,1,0,786,174,11,19,4.52,13.55
Blake Bortles,5,2014,75,73,1561,0.59,2632,17646,103,0.04,75,0.03,90,195,0.07,1158,6,8,6.7,6.2,11.3,241.73,0.07,5.37,80.61,0,0,1775,281,8,41,6.32,23.67
Brock Osweiler,2,2015,23,21,471,0.6,785,4924,25,0.03,22,0.03,72,50,0.06,357,4,4,6.27,5.65,10.45,234.48,0.06,4.88,77.16,0,0,192,51,3,21,3.76,8.35
Marcus Mariota,5,2015,69,68,1199,0.63,1905,14223,84,0.04,51,0.03,75,158,0.08,1025,11,14,7.47,7.14,11.86,209.16,0.08,6.1,89.19,0,0,1708,303,15,87,5.64,24.75
Tyrod Taylor,3,2015,44,43,774,0.63,1236,8857,51,0.04,16,0.01,84,124,0.09,660,3,5,7.17,7.41,11.44,205.98,0.09,6.25,92.49,1,0,1575,283,14,49,5.57,35.8
Jameis Winston,5,2015,72,70,1563,0.61,2548,19737,121,0.05,88,0.03,71,169,0.06,1075,7,11,7.75,7.14,12.63,281.96,0.06,6.3,86.92,1,0,1044,248,10,26,4.21,14.5
Carson Wentz,7,2016,93,92,2056,0.63,3284,22129,151,0.05,66,0.02,76,237,0.07,1519,11,12,6.74,6.75,10.76,240.53,0.07,5.87,89.29,1,0,1362,337,10,40,4.04,14.65
Case Keenum,4,2016,51,47,1046,0.64,1636,11345,60,0.04,38,0.02,69,94,0.05,656,5,9,6.93,6.62,10.85,241.38,0.05,5.88,86.8,0,0,316,95,5,22,3.33,6.2
Dak Prescott,7,2016,97,97,2185,0.67,3283,24943,166,0.05,65,0.02,90,196,0.06,1162,12,19,7.6,7.72,11.42,257.14,0.06,6.95,97.81,2,0,1642,352,26,42,4.66,16.93
Matt Barkley,1,2016,7,6,129,0.6,216,1611,8,0.04,14,0.06,37,6,0.03,43,0,0,7.46,5.28,12.49,268.5,0.03,4.95,68.27,0,0,2,7,0,5,0.29,0.29
Trevor Siemian,2,2016,25,24,495,0.59,835,5686,30,0.04,24,0.03,76,64,0.07,407,3,2,6.81,6.23,11.49,236.92,0.07,5.34,79.86,0,0,184,59,1,15,3.12,7.36
DeShone Kizer,1,2017,15,15,255,0.54,476,2894,11,0.02,22,0.05,56,38,0.07,226,0,0,6.08,4.46,11.35,192.93,0.07,3.69,60.5,0,0,419,77,5,20,5.44,27.93
Mitchell Trubisky,4,2017,51,50,1010,0.64,1577,10609,64,0.04,37,0.02,70,111,0.07,698,5,7,6.73,6.48,10.5,212.18,0.07,5.64,87.24,1,0,1057,190,8,46,5.56,20.73
Jared Goff,6,2017,93,93,2138,0.65,3297,24765,150,0.05,63,0.02,94,161,0.05,1162,11,13,7.51,7.56,11.58,266.29,0.05,6.87,94.62,3,0,458,201,9,26,2.28,4.92
Deshaun Watson,4,2017,54,53,1186,0.68,1748,14539,104,0.06,36,0.02,77,174,0.09,1050,8,10,8.32,8.58,12.26,274.32,0.09,7.26,104.53,3,0,1677,307,17,49,5.46,31.06
Jacoby Brissett,3,2017,47,41,784,0.61,1285,8648,43,0.03,19,0.01,80,103,0.07,624,4,5,6.73,6.73,11.03,210.93,0.07,5.78,85.96,0,0,731,168,10,25,4.35,15.55
Brett Hundley,1,2017,11,9,192,0.61,316,1836,9,0.03,12,0.04,55,29,0.08,197,2,2,5.81,4.67,9.56,204.0,0.08,3.71,70.6,0,0,270,36,2,24,7.5,24.55
Patrick Mahomes,5,2018,79,79,1963,0.66,2958,23957,192,0.06,48,0.02,89,119,0.04,779,13,13,8.1,8.67,12.2,303.25,0.04,8.08,106.01,5,2,1537,292,12,32,5.26,19.46
Josh Allen,5,2018,77,76,1604,0.63,2566,18397,138,0.05,60,0.02,98,151,0.06,935,11,15,7.17,7.19,11.47,242.07,0.06,6.45,92.23,2,0,3087,546,38,45,5.65,40.09
Baker Mayfield,4,2018,60,59,1185,0.62,1924,14125,92,0.05,56,0.03,89,134,0.07,889,6,7,7.34,6.99,11.92,239.41,0.07,6.1,87.81,0,0,571,158,5,35,3.61,9.52
Josh Rosen,1,2018,14,13,217,0.55,393,2278,11,0.03,14,0.04,75,45,0.1,320,1,2,5.8,4.75,10.5,175.23,0.1,3.53,66.74,0,0,138,23,0,33,6.0,9.86
Nick Mullens,2,2018,18,16,387,0.64,600,4714,25,0.04,22,0.04,85,36,0.06,266,1,2,7.86,7.04,12.18,294.62,0.06,6.22,87.18,0,0,-8,27,0,7,-0.3,-0.44
Sam Darnold,4,2018,50,49,972,0.6,1625,10624,54,0.03,52,0.03,92,133,0.08,854,3,4,6.54,5.76,10.93,216.82,0.08,4.84,76.91,0,0,639,162,10,46,3.94,12.78
Mason Rudolph,1,2019,10,8,176,0.62,283,1765,13,0.05,9,0.03,76,15,0.05,124,1,1,6.24,5.72,10.03,220.62,0.05,5.02,81.96,0,0,42,21,0,13,2.0,4.2
Lamar Jackson,4,2019,54,54,956,0.64,1485,11008,95,0.06,35,0.02,83,116,0.07,570,7,9,7.41,7.63,11.51,203.85,0.07,6.72,98.12,2,1,3742,580,19,79,6.45,69.3
Kyle Allen,1,2019,13,12,303,0.62,489,3322,17,0.03,16,0.03,52,46,0.09,397,0,1,6.79,6.02,10.96,276.83,0.09,4.76,79.98,0,0,106,32,2,17,3.31,8.15
Jimmy Garoppolo,3,2019,42,41,837,0.68,1225,10225,63,0.05,29,0.02,83,83,0.06,538,8,8,8.35,8.31,12.22,249.39,0.06,7.37,101.08,0,0,146,107,6,11,1.36,3.48
Kyler Murray,4,2019,57,57,1316,0.67,1971,13848,84,0.04,41,0.02,88,131,0.06,963,6,8,7.03,6.94,10.52,242.95,0.06,6.05,92.54,2,0,2204,381,23,57,5.78,38.67
Gardner Minshew II,2,2019,23,20,501,0.63,797,5530,37,0.05,11,0.01,70,60,0.07,331,4,4,6.94,7.25,11.04,276.5,0.07,6.35,93.1,0,0,497,96,1,21,5.18,21.61
Daniel Jones,4,2019,54,53,1113,0.64,1740,11603,60,0.03,34,0.02,75,149,0.08,984,6,8,6.67,6.48,10.42,218.92,0.08,5.45,86.53,0,0,1708,292,12,80,5.85,31.63
Joe Burrow,3,2020,42,42,1044,0.68,1530,11774,82,0.05,31,0.02,82,124,0.07,860,5,7,7.7,7.86,11.28,280.33,0.07,6.75,100.43,1,0,517,152,10,23,3.4,12.31
Drew Lock,1,2020,13,13,254,0.57,443,2933,16,0.04,15,0.03,92,19,0.04,123,1,1,6.62,5.82,11.55,225.62,0.04,5.31,75.38,0,0,160,44,3,16,3.64,12.31
Justin Herbert,3,2020,49,49,1316,0.67,1966,14089,94,0.05,35,0.02,72,101,0.05,638,10,13,7.17,7.32,10.71,287.53,0.05,6.66,96.24,1,0,683,172,8,36,3.97,13.94
Davis Mills,2,2021,28,26,555,0.64,873,5782,33,0.04,25,0.03,67,62,0.07,450,2,3,6.62,6.09,10.42,222.38,0.07,5.21,83.33,0,0,152,50,2,17,3.04,5.43
Trevor Lawrence,2,2021,34,34,746,0.63,1186,7754,37,0.03,25,0.02,59,59,0.05,422,4,4,6.54,6.21,10.39,228.06,0.05,5.58,83.36,1,0,625,135,7,26,4.63,18.38
Jalen Hurts,2,2021,30,30,571,0.64,892,6845,38,0.04,15,0.02,91,64,0.07,381,3,4,7.67,7.77,11.99,228.17,0.07,6.85,94.6,1,0,1544,304,23,42,5.08,51.47
Justin Fields,2,2021,27,25,351,0.6,588,4112,24,0.04,21,0.04,64,91,0.13,623,1,2,6.99,6.2,11.72,164.48,0.13,4.45,79.69,0,0,1563,232,10,67,6.74,57.89
Tua Tagovailoa,2,2021,26,25,522,0.66,788,6201,41,0.05,18,0.02,84,41,0.05,315,2,4,7.87,7.88,11.88,248.04,0.05,7.11,97.9,0,0,198,65,3,23,3.05,7.62
Mac Jones,2,2021,31,31,640,0.66,963,6798,36,0.04,24,0.02,75,62,0.06,472,1,1,7.06,6.69,10.62,219.29,0.06,5.82,88.96,1,0,231,91,1,15,2.54,7.45
Taylor Heinicke,2,2021,25,24,482,0.64,753,5278,32,0.04,21,0.03,73,57,0.07,419,5,5,7.01,6.6,10.95,219.92,0.07,5.62,87.18,0,0,409,88,2,38,4.65,16.36
Zach Wilson,2,2021,22,22,345,0.55,625,4022,15,0.02,18,0.03,79,67,0.1,545,2,3,6.44,5.62,11.66,182.82,0.1,4.29,70.9,0,0,287,57,5,52,5.04,13.05
Kenny Pickett,1,2022,13,12,245,0.63,389,2404,7,0.02,9,0.02,57,27,0.06,182,3,4,6.18,5.5,9.81,200.33,0.06,4.7,76.68,0,0,237,55,3,23,4.31,18.23
